,key,value
0,不行,4
1,快乐,10
2,洗澡,2
3,直接,9
4,扭成,1
5,龙卷风,1
6,派对,1
7,危险,10
8,男孩子,9
9,外面,2
10,玩一定要,1
11,保护,4
12,惊恐,1
13,右手,1
14,托住,2
15,心跳,3
16,托,1
17,大姨妈,1
18,晚上,5
19,家宝,1
20,守灵,1
21,活,7
22,干,6
23,句,5
24,高,2
25,情商,1
26,刷,4
27,嫁给,4
28,爱情,18
29,经常,2
30,夏天深夜,1
31,出门,3
32,散心,1
33,平缓,1
34,流淌,1
35,街灯,1
36,温暖,13
37,晚风,4
38,熟悉,2
39,气味,1
40,环境,4
41,唤醒,2
42,回忆,5
43,很容易,2
44,安静,2
45,下来,1
46,概念,1
47,起源于,1
48,东京,2
49,台场,1
50,遛弯,1
51,写成,2
52,北京,2
53,穿过,5
54,五四大街,1
55,面对,3
56,北海,2
57,瞬间,6
58,感谢,13
59,互联网,1
60,天涯共,1
61,想知道,2
62,此刻,1
63,正,6
64,乐队,2
65,第一部,1
66,长篇,1
67,夏日,2
68,黄昏,1
69,三部曲,2
70,终章,1
71,讲完,2
72,一段,10
73,感情,9
74,挽,1
75,回到,4
76,告别,8
77,释然,2
78,三个故事,1
79,最终,3
80,一个人,20
81,约定,4
82,一起去,6
83,花火,1
84,大会,1
85,热,2
86,摇滚,1
87,燃,1
88,温柔,16
89,火,7
90,极端,2
91,浪漫主义者,1
92,分享,6
93,欲,2
94,赤裸裸,1
95,告白,3
96,夏天,13
97,交给,2
98,夏企,1
99,周末,1
100,早起,2
101,打扫,1
102,卫生,2
103,愿意,4
104,洗,3
105,床单,1
106,需要,6
107,旁边,2
108,拆,2
109,快递,1
110,收拾,1
111,干净,5
112,香香,1
113,热水澡,1
114,时间,15
115,早,2
116,追,4
117,一顿,2
118,大餐,1
119,度过,2
120,缠绵,2
121,热恋期,1
122,赞扬,1
123,世界,29
124,美丽,2
125,三十而粒,1
126,写,16
127,正中,1
128,足够,4
129,漫长,3
130,时光,6
131,解构,1
132,生活,19
133,艺术,3
134,拥有,10
135,锋利,1
136,漂亮,2
137,和解,2
138,想要,16
139,热气腾腾,1
140,爱,78
141,夏天傍晚,1
142,跌痛,1
143,人生中,1
144,悠长,1
145,假期,1
146,春天,1
147,梦,6
148,吹,8
149,风,11
150,收获,2
151,秋天,1
152,果实,1
153,申请,1
154,冬天,3
155,雪,2
156,世俗,1
157,不必,1
158,烦恼,3
159,生命,7
160,一条,4
161,流动,1
162,河,1
163,感觉,25
164,小女孩,1
165,谈恋爱,6
166,上次,1
167,粉丝,5
168,二十岁,1
169,陈粒,1
170,她说,1
171,师傅,1
172,高考,15
173,成绩,8
174,估,1
175,570,1
176,600,1
177,波,1
178,波爷,1
179,之中,4
180,最远,2
181,地方,4
182,平安,3
183,回家,8
184,妈妈,20
185,身旁,2
186,父亲,3
187,烈士,1
188,重启,1
189,警号,1
190,缉毒警,1
191,任务,1
192,抓人,1
193,都是,44
194,这行,1
195,总,18
196,隐姓,1
197,埋名,1
198,几年,5
199,家,6
200,考生,2
201,大捷,1
202,喜欢,90
203,远方,3
204,演唱会,6
205,现场,6
206,版,4
207,无数次,2
208,考试,4
209,崩溃,5
210,都会,20
211,翻出,1
212,视频,4
213,再听,1
214,一遍,2
215,想着,1
216,一定要,14
217,坚持,7
218,下去,5
219,昨天,5
220,重新,5
221,哭,12
222,冥冥,2
223,自有,1
224,天意,1
225,发布,1
226,而我,4
227,这样的人,1
228,正在,4
229,听歌,7
230,那位,2
231,没错,7
232,绝对,5
233,出息,1
234,侯万军,2
235,发誓,5
236,这辈子,1
237,娶,14
238,郝嘉璐,1
239,一点一点,2
240,努力,11
241,想和你,3
242,在一起,13
243,很久,5
244,好冷下意识,1
245,掏出,1
246,手机,10
247,穿,1
248,点,11
249,反应,1
250,过来,2
251,身份,2
252,相信,12
253,妓院,1
254,处女,1
255,真情,1
256,一群,3
257,未成年,2
258,故事,24
259,爹,2
260,长,4
261,相隔,1
262,两个,6
263,时空,1
264,对话,2
265,回头,3
266,抱抱,1
267,小王,10
268,不慌不忙,1
269,晴天,1
270,雨天,1
271,毛,7
272,不易,7
273,角落,6
274,遇见,13
275,告诉,8
276,棒,7
277,自信,4
278,勇敢,7
279,说出,1
280,那句话,1
281,毛毛,3
282,新歌,9
283,舒缓,2
284,旋律,8
285,起伏,1
286,刻意,1
287,收敛,4
288,哗众取宠,1
289,一股,1
290,清流,1
291,心上,1
292,缓缓,3
293,流过,1
294,自然,1
295,独特,2
296,尾音责,1
297,石头,1
298,轻轻,1
299,敲打,1
300,心,8
301,间,3
302,像极了,1
303,个性,1
304,斗牛,1
305,炸,5
306,一得,1
307,神仙,6
308,表演,3
309,主歌,1
310,描绘,2
311,一场,10
312,传统,1
313,完整,1
314,斗牛赛,1
315,参与,2
316,包括,1
317,主斗牛士,1
318,长矛,2
319,手花镖手,1
320,助,1
321,理斗牛士,1
322,过程,3
323,请,16
324,牛,3
325,出栏,1
326,一项,1
327,非常,8
328,庄严,1
329,重要,5
330,仪式,1
331,助理,1
332,斗牛士,1
333,先,8
334,上场,1
335,负责,4
336,逗引,1
337,激发,1
338,公牛,3
339,怒气,1
340,令,2
341,绕场,1
342,奔跑,1
343,手,6
344,次,2
345,登场,1
346,矛,1
347,插入,2
348,脊背,1
349,放血,1
350,更加,3
351,激怒,1
352,华晨宇,16
353,飙,2
354,高音,3
355,ET,2
356,不好意思人家,1
357,低音,2
358,学不来,2
359,从来,6
360,救人,1
361,相授,1
362,天生,1
363,直觉,1
364,灵感,3
365,引,1
366,渡,1
367,一顰,1
368,一动,1
369,神,3
370,一思,1
371,二,2
372,字,7
373,无以,1
374,形容,2
375,凡人,1
376,弥足,2
377,珍贵,2
378,超绝,1
379,台风,1
380,互动感,1
381,有缘,1
382,感受,4
383,两年前,2
384,第一次,14
385,全国,3
386,最大,2
387,体育场,1
388,鸟巢,1
389,开口,2
390,震,1
391,住,5
392,就是我,4
393,想到,6
394,厉害,5
395,没想到,4
396,1920年,1
397,更厉害,1
398,惹,3
399,谢谢,23
400,作品,11
401,yu,3
402,期待,12
403,更多,6
404,发行,3
405,常常,2
406,对抗,1
407,朋友,13
408,家人,4
409,口中,1
410,成年人,1
411,世故,1
412,好人,1
413,常态,2
414,少,2
415,几分,1
416,能力,2
417,接受,3
418,躲起来去,1
419,思考,2
420,悲伤,6
421,事情,10
422,才会,6
423,懂,4
424,对象,4
425,那种,7
426,就可,1
427,劲儿,1
428,命,3
429,希望,58
430,王维,1
431,先生,1
432,远,3
433,一点,9
434,日记,2
435,样子,6
436,内心,5
437,独白,1
438,倾,1
439,最初,1
440,歌曲,8
441,记录,1
442,走上,1
443,舞台,9
444,听众,3
445,安慰,3
446,茫茫,4
447,人海,3
448,无数,3
449,心灵,3
450,成,11
451,继续,12
452,毛不易,2
453,神树是末日审判降临是神,1
454,庇佑,1
455,降临,5
456,神树,3
457,鸿蒙,1
458,初,4
459,末日,1
460,之后,7
461,互为,1
462,阴阳,1
463,毁灭,3
464,重生,5
465,更迭,1
466,就像,10
467,双生子,1
468,循环,3
469,往复,2
470,生生不息,1
471,孕育,1
472,明明,4
473,有着,1
474,星系,1
475,陨落,1
476,般,3
477,荒芜感,1
478,澎湃,2
479,死而生,1
480,辰曦,1
481,携带,1
482,万顷,1
483,福祉,1
484,天角,1
485,倾泻,1
486,圣洁,2
487,肃穆,1
488,裹挟,1
489,罪与罚,1
490,禁忌感,1
491,宫廷,1
492,礼乐,1
493,唱诗班,1
494,这种,9
495,惊艳,5
496,宇宙感,1
497,思想,2
498,格局,2
499,实力,4
500,光速,1
501,成长,6
502,创作,9
503,简直,4
504,四维空间,1
505,三维,1
506,投影,1
507,神树降临阴阳双生,1
508,超,4
509,好听,20
510,始,3
511,奏,1
512,乐,1
513,世间,1
514,重塑,1
515,新生重宥痛错laviahviahvi,1
516,古老,1
517,歌谣,1
518,悠悠,1
519,飘远,1
520,密林,1
521,迎,1
522,朝阳,1
523,盛沐,1
524,片,2
525,大地,1
526,每一个,6
527,予以,1
528,祈佑,1
529,Sayitsanewworld,1
530,沉醉,2
531,风光,2
532,讲究,2
533,明暗,1
534,假象,5
535,星光,4
536,黯淡,2
537,来去,1
538,坐拥,2
539,掌声,4
540,散去,3
541,起落,1
542,笑,8
543,冷眼,2
544,观望,2
545,天地,4
546,新世界,5
547,人生,9
548,开场,1
549,喧闹,1
550,结尾,1
551,寂寥,1
552,下山,2
553,万物,5
554,转身,1
555,矗立,1
556,山峰,1
557,到来,1
558,开启,2
559,疯狂,3
560,打榜,1
561,技能,1
562,快,7
563,歌手,15
564,当打之年,2
565,最爱,5
566,助力,1
567,线上,2
568,投,3
569,进入,3
570,yubro,1
571,站,7
572,手握,1
573,话筒,2
574,那一刻,3
575,成为,16
576,主宰,2
577,王者,4
578,仿佛,5
579,不止,3
580,灯光,2
581,掌控,1
582,欢迎,6
583,来到,3
584,创造,3
585,上一秒,1
586,还在,5
587,似,2
588,孩童,1
589,儿歌,1
590,下一秒,2
591,暴躁,2
592,尖叫,1
593,shutup,1
594,一秒,1
595,沉浸,2
596,佛经,1
597,诵读,1
598,氛围,2
599,充斥,1
600,着任,1
601,气势,2
602,说过,3
603,一句话,3
604,能够,8
605,影响,1
606,引起,1
607,抹红,1
608,见证,3
609,光辉,1
610,时分,1
611,而战,1
612,钢琴,2
613,伴奏,3
614,加,4
615,黑胶,1
616,唱片,1
617,效果器,1
618,带有,1
619,孩子气,1
620,唱腔,2
621,营造,1
622,诡异,2
623,恐怖,2
624,木吉他,2
625,Riff,1
626,运用,1
627,古筝,2
628,套鼓,1
629,人声,2
630,模仿,6
631,埙,2
632,音色,1
633,搭配,1
634,六,1
635,箴言,2
636,神来之笔,1
637,Bass,1
638,军鼓,2
639,后面,5
640,戛然而止,1
641,独奏,1
642,无尽,1
643,深渊,1
644,迷失,1
645,绝望,1
646,伴随,2
647,撕裂,1
648,怒吼,1
649,电吉他,1
650,回收,1
651,音效,1
652,七重,2
653,人格,3
654,涅槃,1
655,七皇,1
656,破立,1
657,太极,1
658,诡谲,1
659,粗砺,1
660,失真,1
661,童声,1
662,克制,1
663,隐忍,2
664,吉他,3
665,riff,1
666,委婉,1
667,曲折,1
668,过渡,1
669,天然,1
670,质朴,2
671,拟,1
672,恣意,1
673,张狂,1
674,躁动,1
675,鼓点,1
676,喑哑,1
677,颓丧,1
678,殉道,1
679,念,3
680,白激进,1
681,疯癫,1
682,宣泄,1
683,嘶吼,1
684,每个,11
685,歌迷,1
686,理解,6
687,全然,1
688,不同,4
689,大概,3
690,小华,2
691,绝妙,2
692,情绪,5
693,容器,1
694,分不开,1
695,认为,3
696,确实,1
697,全场,1
698,最佳,1
699,粉,6
700,郑楠,1
701,花花,4
702,要不要,1
703,改,7
704,简单,4
705,大众,1
706,朗朗上口,1
707,SHUTUP,1
708,这份,3
709,爱会不会,1
710,会不会,2
711,疲惫,3
712,以待,2
713,出现,5
714,到底是谁,1
715,仔细,1
716,想一想,1
717,出众,2
718,阳光,3
719,学习,4
720,不好,5
721,脏话,2
722,连篇多疑,1
723,敏感,2
724,喜怒无常,1
725,可能会,1
726,无条件,1
727,补课,1
728,费,1
729,贵,1
730,题目,2
731,难,6
732,压力,3
733,睡觉,5
734,休息,1
735,考上,6
736,学校,5
737,见,11
738,前任,2
739,盖着,1
740,白布,1
741,想见,2
742,rap,9
743,部分,5
744,副歌,4
745,高旭,1
746,美观,1
747,标注,2
748,分,3
749,清,3
750,稍后,1
751,错过了,6
752,得到,5
753,男人,1
754,土,2
755,安分,1
756,亲嘴,1
757,吹过,1
758,久,3
759,当初,1
760,习惯,4
761,太阳画,1
762,纸,2
763,角,1
764,小屁孩,1
765,结婚,7
766,搬到,1
767,给我,2
768,买,7
769,小点,1
770,戒指,1
771,车,1
772,房,1
773,彩礼,1
774,结婚证,1
775,便宜,1
776,10w,1
777,一首,12
778,超级,4
779,憨笑,2
780,梦想,4
781,咸鱼,1
782,区别,2
783,丘比特,2
784,蒙,1
785,着眼,1
786,无关,2
787,性别,1
788,暗恋,3
789,男孩,15
790,摸,2
791,脸颊,3
792,体会,2
793,螺旋,1
794,升天,1
795,喜悦,1
796,参加,5
797,同学,4
798,生日,4
799,party,1
800,注意到,2
801,跑,2
802,糊,1
803,脸丝,1
804,滑,1
805,奶油,1
806,双手,2
807,抹,2
808,脸上,3
809,大脑,3
810,死机,1
811,一个1米,2
812,女生,5
813,弯,1
814,下腰,1
815,脸,4
816,快要,1
817,幸福,6
818,死,12
819,穿衣,1
820,风格,4
821,写字,1
822,字体,1
823,性格,2
824,八碗,1
825,饭,2
826,记起,1
827,月考,1
828,听力,1
829,HelloJaneW,1
830,hatareyou,1
831,doingIm,1
832,waiting,2
833,forMike,1
834,What,1
835,aboutyou,1
836,JohnIam,1
837,foryou,1
838,每个人,5
839,浪漫,7
840,场景,1
841,最好,9
842,网,2
843,红,5
844,模式,1
845,内涵,1
846,文化,1
847,做出,2
848,贡献,1
849,强强强,1
850,高原,3
851,带来,9
852,吉祥,1
853,礼物,6
854,少年,13
855,自由,9
856,使者,1
857,微风,1
858,祖国,2
859,山川湖海,1
860,遍,5
861,这个世界,9
862,美好,10
863,无限,2
864,奇迹,2
865,聆听,1
866,歌声,2
867,力量,4
868,给予,1
869,天空下,1
870,份,4
871,格聂神山,1
872,孩子,9
873,加油,11
874,拜,4
875,哇塞,1
876,丁真,2
877,着实,1
878,个人,10
879,很不错,1
880,一说,2
881,无感,3
882,强,9
883,下次,2
884,总会,2
885,陪,13
886,未来,19
887,吴念慈,1
888,不知道,11
889,还愿,1
890,回来,13
891,想说,2
892,不配,2
893,开玩笑,2
894,都达,1
895,不到,8
896,预期,1
897,发给,1
898,最喜欢,3
899,剩,1
900,一八年,1
901,全,10
902,公认,1
903,一坨,1
904,爬过,1
905,寡某,1
906,521,1
907,错过,8
908,不愿,1
909,主动,4
910,病,2
911,渣,1
912,酷,1
913,深情,3
914,舔,1
915,真奇,1
916,怪像,1
917,听起来,2
918,真是,5
919,一口,2
920,德芙,1
921,烟,5
922,来了,4
923,原地,1
924,起飞,1
925,王嘉尔,3
926,林俊杰,3
927,两位,1
928,合作,4
929,出生,1
930,中文,4
931,动力,1
932,吖,2
933,还能,3
934,背书,2
935,新曲,1
936,风嘉,1
937,带给,4
938,惊喜,5
939,戴上,1
940,耳机,7
941,精神,3
942,身体,2
943,分离,1
944,旁若,1
945,无人,1
946,地步,1
947,hhh,1
948,落,3
949,2021年,4
950,江南,1
951,依然在,1
952,依然,3
953,爱听,2
954,JJ,1
955,说到,1
956,可惜,3
957,情歌,4
958,总是,10
959,分散,1
960,深夜,7
961,落寞,1
962,声音,14
963,保养,1
964,Jackson,1
965,wangId,1
966,ont,1
967,play,1
968,around,1
969,not,1
970,that,1
971,kindof,1
972,guy,1
973,随便,2
974,玩玩,1
975,拜拜,1
976,毕竟,3
977,一生,8
978,短少,1
979,圆满,1
980,不懂,2
981,看清,2
982,女孩子,16
983,呆,1
984,阿月,4
985,星野,2
986,相识,2
987,于光遇有天星野,1
988,上线,4
989,退,2
990,游,1
991,生病,3
992,严重,1
993,摔,1
994,东西,13
995,浑身,1
996,插,1
997,满,4
998,管子,1
999,肝脏,1
1000,破裂,1
1001,手术,2
1002,找不到,3
1003,合适,1
1004,肝源,1
1005,202012312346,1
1006,抢救,1
1007,无效,1
1008,不幸,2
1009,去世,1
1010,遵,1
1011,逝者,1
1012,遗愿,1
1013,葬于,1
1014,广西,1
1015,写给,3
1016,备忘录,1
1017,下辈子,1
1018,星星,5
1019,阿拉斯加湾,2
1020,著名,2
1021,海湾,2
1022,海面,3
1023,呈现,2
1024,颜色,2
1025,密度,2
1026,关系,7
1027,两片,2
1028,海,3
1029,融为一体,1
1030,收藏,3
1031,听听,3
1032,感性,2
1033,立马,2
1034,就会,5
1035,流泪,7
1036,高中,6
1037,也有,4
1038,混子,1
1039,差,3
1040,中职校,1
1041,挑灯,2
1042,夜,3
1043,读,3
1044,瞧不起,2
1045,断,2
1046,和好,1
1047,如初,1
1048,难受,2
1049,拼,4
1050,抓不住,1
1051,选,5
1052,情况,3
1053,抛弃,2
1054,幸运,1
1055,真的爱,2
1056,小朋友,5
1057,暧昧,5
1058,见面,3
1059,忘,2
1060,魏晨,2
1061,眼,3
1062,七年,3
1063,联系,7
1064,背,1
1065,电话号码,1
1066,每天,9
1067,偷偷,2
1068,放,6
1069,一颗,3
1070,大白,1
1071,兔奶,1
1072,糖,1
1073,哪有,3
1074,在此,3
1075,立誓,2
1076,5年后,1
1077,2025年,2
1078,kpl,1
1079,总冠军,1
1080,随意,2
1081,我我,4
1082,丫,1
1083,肯定,3
1084,能行,1
1085,职业,3
1086,选手,1
1087,20205111816,1
1088,妈,1
1089,丢下,1
1090,夜晚,3
1091,容易,2
1092,来过,1
1093,反反复复,1
1094,完整版,9
1095,准备,4
1096,耀眼,3
1097,天气,3
1098,刚刚好,1
1099,每一天,1
1100,孤单,2
1101,灿烂,2
1102,神鬼怪,1
1103,18年,1
1104,怀念,4
1105,很多年,2
1106,公寓,1
1107,影院,1
1108,放映,1
1109,这么多年,1
1110,分道扬镳,1
1111,很荣幸,1
1112,拿到,1
1113,天使,2
1114,正版,5
1115,授权,3
1116,录,4
1117,片段,3
1118,差距,1
1119,传到,1
1120,电台,3
1121,替换,1
1122,文件,2
1123,之前,4
1124,下载,2
1125,清除,2
1126,缓存,5
1127,设置,3
1128,后台,1
1129,打开,3
1130,就能,3
1131,追回,2
1132,丢失,1
1133,那个人,7
1134,保持,1
1135,一件,3
1136,难度,1
1137,五,1
1138,颗星,1
1139,事,6
1140,忘掉,2
1141,种,2
1142,花,4
1143,树,2
1144,互相思念,1
1145,意义,2
1146,以前,4
1147,一起唱,1
1148,开心,13
1149,狗屁,1
1150,恋爱,10
1151,上岸,1
1152,暴富,1
1153,选择,4
1154,权,1
1155,手里,1
1156,转折,1
1157,必须,4
1158,抓住,2
1159,放弃,7
1160,萌动,1
1161,进攻,1
1162,完全,2
1163,性欲,1
1164,安安静静,2
1165,心愿,1
1166,众所周知,1
1167,欢喜,2
1168,青梅竹马,1
1169,马上,1
1170,21年,1
1171,祝福,2
1172,留白,1
1173,处理,1
1174,停顿,1
1175,窒息感,1
1176,空白,1
1177,几秒,1
1178,留给,3
1179,消化,1
1180,哽咽,1
1181,屏息,1
1182,大口,1
1183,呼吸,1
1184,感知,1
1185,地上,2
1186,捡起,1
1187,七零八落,1
1188,oo,1
1189,好想,6
1190,真诚,3
1191,陪伴,4
1192,巨大,1
1193,很温柔,2
1194,黑暗,6
1195,挣扎,3
1196,这些年,1
1197,走过,6
1198,方式,4
1199,拯救,1
1200,整,2
1201,细腻,1
1202,深入人心,2
1203,触,1
1204,碰到,1
1205,泛起,1
1206,涟漪,2
1207,能找到,2
1208,光芒,2
1209,阴霾,3
1210,再次,7
1211,光临,1
1212,夕阳,2
1213,西下,1
1214,接通,1
1215,电话,4
1216,告诉你,2
1217,说明,1
1218,当做,2
1219,很重要,3
1220,用心,3
1221,关爱,1
1222,走出,1
1223,充满,4
1224,色彩,2
1225,没有人,5
1226,一座,3
1227,孤岛,4
1228,岛上,1
1229,寸草不生,1
1230,很开心,3
1231,小明,3
1232,阳台,3
1233,版本,11
1234,压住,1
1235,来一唱,1
1236,毛病,2
1237,感觉不到,1
1238,霍金,1
1239,摔倒,1
1240,爱因斯坦,1
1241,解剖,1
1242,梵高,1
1243,穿越,1
1244,坐,8
1245,出租车,1
1246,下车,2
1247,司机,1
1248,是不是,4
1249,空,3
1250,牌子,1
1251,立,2
1252,应该,11
1253,明白,5
1254,位置,3
1255,还记得,2
1256,新闻,3
1257,战争,1
1258,情侣,4
1259,走散,1
1260,相见,4
1261,时隔,1
1262,几十年,1
1263,老奶奶,3
1264,终身,2
1265,未,14
1266,嫁,6
1267,老爷爷,3
1268,子孙,1
1269,满堂,1
1270,高估,1
1271,低估,1
1272,心中,6
1273,赋予,2
1274,丢了,2
1275,珍惜,6
1276,人和,2
1277,爱心,13
1278,城墙,3
1279,垒,1
1280,很高,1
1281,不惧,1
1282,艰辛,1
1283,越过,1
1284,久等,1
1285,原,3
1286,小姐,3
1287,姐,2
1288,张叶蕾,1
1289,好好听,2
1290,色色,1
1291,兜兜,1
1292,转转,1
1293,平平淡淡,1
1294,分开,4
1295,初三,2
1296,那年,3
1297,戒烟,1
1298,戒酒,1
1299,戒,1
1300,游戏,1
1301,允许,3
1302,迟到,1
1303,早退,1
1304,逃课,1
1305,打架,1
1306,男生,14
1307,疏远,2
1308,哥们,1
1309,要求,3
1310,考,7
1311,进,10
1312,年级,1
1313,前十名,2
1314,踏玛,1
1315,命头悬梁锥刺股废寝忘食,1
1316,如愿以偿,1
1317,那天,6
1318,扑,1
1319,怀里,2
1320,世界上,7
1321,太难,3
1322,永远不会,3
1323,巨星,2
1324,2020,3
1325,脱,3
1326,衣服,5
1327,穿上,3
1328,婚纱,2
1329,短期,1
1330,高频,1
1331,聊天,3
1332,产生,3
1333,烟花,2
1334,证件照,1
1335,平平凡凡,1
1336,找到,7
1337,共度,2
1338,第1000条,1
1339,评论条,1
1340,支持,6
1341,第一个999,1
1342,无比,1
1343,感动,5
1344,每条,1
1345,认真,4
1346,接下来,2
1347,做歌,2
1348,真好,3
1349,感恩,3
1350,重蹈,1
1351,复撤,1
1352,行,5
1353,Alexander,2
1354,中国,8
1355,取得,1
1356,入驻,2
1357,过去,10
1358,等待,3
1359,搞,8
1360,正好,1
1361,和云村,1
1362,说下,1
1363,版权,7
1364,亲自,3
1365,抓,5
1366,独家,2
1367,放开,1
1368,敞开,1
1369,最近,6
1370,摩登,1
1371,英皇中唱,1
1372,辜负,1
1373,村长,1
1374,一片,4
1375,辛劳,1
1376,三千里,1
1377,偶然,3
1378,见过,3
1379,漠河,5
1380,舞厅,6
1381,深深,6
1382,打动,1
1383,厌,1
1384,2019年,1
1385,几个,4
1386,小区,1
1387,居民楼,1
1388,搭,1
1389,简易,1
1390,棚,1
1391,设备,1
1392,隔音,1
1393,简陋,1
1394,粗糙,1
1395,原版,2
1396,完成,3
1397,条件,1
1398,有限,2
1399,配器,1
1400,电脑软音源,1
1401,请来,1
1402,更专业,1
1403,制作,3
1404,团队,1
1405,国际爱乐乐团,1
1406,新编,1
1407,实录,1
1408,弦乐,1
1409,配,2
1410,器,1
1411,弥补,1
1412,遗憾,5
1413,所有人,4
1414,人类,1
1415,衡量,1
1416,痛苦,1
1417,打进,1
1418,幽暗,1
1419,成双,2
1420,成对,2
1421,一位,4
1422,老人,6
1423,挥,1
1424,独自,4
1425,迈,2
1426,舞步,1
1427,诧异,1
1428,在乎,2
1429,舞伴,1
1430,这位,2
1431,张德全,4
1432,黑龙江,1
1433,34年前,1
1434,大火,1
1435,痛失,1
1436,爱人,2
1437,康氏,2
1438,此后,1
1439,再婚,2
1440,常,2
1441,街边,1
1442,独舞,1
1443,年轻,3
1444,两人,2
1445,飘扬,1
1446,起舞,1
1447,柳爽,1
1448,施暴者,2
1449,对着,3
1450,另一个,2
1451,施暴,1
1452,惩罚,1
1453,网络,2
1454,暴力,1
1455,皱眉,1
1456,月光是海的梦境而我是你的远行,1
1457,不看,1
1458,这句话,2
1459,搞笑,1
1460,同桌,2
1461,精神病,1
1462,上课,1
1463,枪,1
1464,脑袋,3
1465,嘭,1
1466,一声,3
1467,倒,1
1468,桌子,2
1469,睡,11
1470,上午,1
1471,心动,4
1472,你好,6
1473,下场,1
1474,轻易,1
1475,爱要懂得及时止损希望你,1
1476,洒脱,4
1477,感到,2
1478,前所未有,1
1479,无能为力,1
1480,后悔,7
1481,相遇,2
1482,软件,1
1483,功能,1
1484,死心,1
1485,搓,2
1486,小手,1
1487,过冬,1
1488,噢,1
1489,遇,2
1490,理想,2
1491,单身,5
1492,心理学,1
1493,故意,1
1494,避开,1
1495,往往,3
1496,在意,1
1497,下意识,1
1498,躲开,1
1499,是因为,5
1500,紧张,3
1501,回头看,1
1502,陈集满,1
1503,一万个,1
1504,赞,2
1505,入伍,1
1506,第153天,1
1507,同样,4
1508,想你,4
1509,爷爷,4
1510,四年级,1
1511,奶奶,2
1512,无依无靠,1
1513,爸爸,8
1514,挣钱,1
1515,出轨,3
1516,19岁,1
1517,发展,2
1518,尿毒症,1
1519,好好生活,1
1520,周生,1
1521,如故,1
1522,绝,3
1523,共情,1
1524,策马,1
1525,扬鞭,1
1526,身边,7
1527,不爱,4
1528,血液,1
1529,求,3
1530,留不留,1
1531,怀疑,2
1532,承诺,2
1533,醉卧白骨滩放意且狂歌一匹马一壶酒,1
1534,世上,1
1535,王,2
1536,传说,1
1537,储君之妃,1
1538,一袭,1
1539,红衣,1
1540,一跃而下,1
1541,妻妾,1
1542,不留,1
1543,子嗣,1
1544,驻守,1
1545,关,2
1546,少时,1
1547,从来没有,2
1548,任何人,3
1549,讲,9
1550,捷报,2
1551,从今以后,1
1552,王军,1
1553,你以为,1
1554,最糟,1
1555,失去,4
1556,最爱的人,2
1557,糟糕,2
1558,却是,3
1559,藏,1
1560,下雨,3
1561,拂滅香煙的你的指尖惱人但謹記的時間看你那麼鮮艷,1
1562,学会,3
1563,享受,2
1564,例外,4
1565,一份,5
1566,偏爱,6
1567,尼古丁,1
1568,绑架,1
1569,救赎,1
1570,上瘾,1
1571,囚徒,1
1572,梳,2
1573,头发,1
1574,澡,1
1575,亲,2
1576,掉下来,1
1577,眼泪,3
1578,剩下来,1
1579,皱,1
1580,眉头,1
1581,吵,1
1582,架,1
1583,放下,6
1584,哄,4
1585,天冷,1
1586,握住,1
1587,药,1
1588,睡不着,1
1589,唱歌,13
1590,什么时候,2
1591,清楚,2
1592,一个女孩,1
1593,凌晨,1
1594,饿,3
1595,半夜,2
1596,吃饭,3
1597,下五年,1
1598,军装,1
1599,五年,1
1600,未知,2
1601,还以为,2
1602,看错,1
1603,针,1
1604,地面,1
1605,献给,1
1606,逝去,1
1607,回信德全,1
1608,讶异,1
1609,日渐,1
1610,衰退,1
1611,记忆,3
1612,清晰,1
1613,留存,1
1614,名字,6
1615,不及,1
1616,明艳,1
1617,容颜,1
1618,衰落,1
1619,皱纹,1
1620,骨瘦,1
1621,嶙峋,1
1622,手上,1
1623,凸起,1
1624,血管,1
1625,不自觉,1
1626,爬上,1
1627,眼尾,1
1628,清脆,1
1629,海棠,1
1630,实属,1
1631,折煞,1
1632,一盏,1
1633,凋谢,1
1634,昙花,1
1635,篇,2
1636,再见了晚星,1
1637,一张,1
1638,动图,1
1639,中央,2
1640,跳舞,4
1641,杀妻,1
1642,家暴,1
1643,千百年,1
1644,值得,8
1645,歌颂,1
1646,发生,3
1647,赞美,1
1648,原型,1
1649,名叫,1
1650,三十多年前,1
1651,妻子,4
1652,火灾,1
1653,离世,1
1654,子女,1
1655,生前,1
1656,亮,1
1657,灯,3
1658,旧,3
1659,仓库,1
1660,不得已,2
1661,中途,1
1662,散场,1
1663,爱的跋山涉水,1
1664,半途而废,4
1665,三年前,1
1666,去过,1
1667,十几个,1
1668,小时,1
1669,硬座,1
1670,结冰,1
1671,火车,1
1672,车窗,1
1673,躺,1
1674,当时,5
1675,腿,1
1676,早上六点,1
1677,迷迷糊糊,1
1678,醒来,2
1679,洗手间,1
1680,对面,1
1681,阿姨,4
1682,小姑娘,1
1683,一宿,1
1684,睡动,1
1685,动,3
1686,守,2
1687,很好,13
1688,迷糊,1
1689,感觉到,1
1690,裹,2
1691,脚,1
1692,竟然,4
1693,素未谋面,1
1694,思念,1
1695,至极,1
1696,终究,5
1697,录音棚,1
1698,厕所,1
1699,前男友,2
1700,太多,4
1701,该思念,1
1702,没了心动,1
1703,羡慕,5
1704,LDZ,1
1705,接力,1
1706,要死,1
1707,肝癌,1
1708,晚期,4
1709,对不起,15
1710,爸爸妈妈,1
1711,原谅,1
1712,离开,8
1713,想开,1
1714,一家,4
1715,酒吧,1
1716,店里,1
1717,开店,1
1718,打烊,1
1719,激荡,1
1720,水果茶奶茶,1
1721,民谣,2
1722,酒,4
1723,喝下,1
1724,吐,2
1725,客人,1
1726,年少,1
1727,路过,1
1728,店,3
1729,门口,1
1730,停住,1
1731,脚步,2
1732,店名,1
1733,就叫,1
1734,流浪客,1
1735,今年,4
1736,18,1
1737,23岁,1
1738,开开,2
1739,四川,1
1740,打电话,1
1741,信息,3
1742,立场,1
1743,不再,2
1744,特别,6
1745,难过,4
1746,表达,6
1747,不满,2
1748,晚一点,1
1749,儿孙满堂,1
1750,没必要的你说爱我我就说爱你,1
1751,女孩,14
1752,莫文蔚内,1
1753,朴树,2
1754,缺点,1
1755,钱,3
1756,猫,2
1757,付,2
1758,版税,1
1759,大家伙儿,1
1760,编曲,3
1761,老,5
1762,怀表,1
1763,转,2
1764,王心怡,1
1765,二十一世纪,2
1766,向往,2
1767,盘尼西林,1
1768,房东,1
1769,陈婧霏,1
1770,抢,3
1771,拍,3
1772,没了,2
1773,才是,1
1774,灵魂,1
1775,2020年11月19号,1
1776,血栓,1
1777,瘫痪,1
1778,住院,1
1779,第五天,4
1780,医院,5
1781,陪护,1
1782,在家,2
1783,接送,2
1784,外甥,1
1785,学,4
1786,做饭,5
1787,送饭,1
1788,第五天晚上,1
1789,抱着,4
1790,被子,1
1791,爸妈,3
1792,卧室,1
1793,床上,1
1794,蒙头,1
1795,有点,6
1796,辛苦,4
1797,早点,1
1798,康复,1
1799,段,4
1800,太上头,1
1801,出歌,2
1802,刘思余,1
1803,条,3
1804,文案,4
1805,喜糖,1
1806,13岁,2
1807,桑稚,4
1808,20岁,3
1809,段嘉许,5
1810,18岁,1
1811,25岁,1
1812,27岁,2
1813,互相,4
1814,迁就,1
1815,最长久,1
1816,双向,2
1817,奔赴,2
1818,够晚,1
1819,蹲,1
1820,少女,3
1821,征途,1
1822,星辰,1
1823,大海,5
1824,不该,2
1825,死于,1
1826,宝,2
1827,现实,2
1828,书,3
1829,十五岁,3
1830,重,1
1831,读好,1
1832,麻麻,1
1833,曲风,2
1834,芭比,1
1835,小声,1
1836,请问,1
1837,夸夸,1
1838,画,1
1839,封面,2
1840,公主,8
1841,王子,1
1842,吻醒,1
1843,醒,2
1844,尿,1
1845,憋,1
1846,森林,1
1847,小鹿,6
1848,遇到,7
1849,麋鹿,1
1850,汗汗,1
1851,高冷,1
1852,女巫,9
1853,捡到,1
1854,顶着,1
1855,鹿角,1
1856,蹦蹦跳跳,1
1857,缠,1
1858,魔法,1
1859,玩,8
1860,听说,2
1861,唔,1
1862,干嘛,1
1863,轻,2
1864,咬,4
1865,耳朵,3
1866,吵吵闹闹,1
1867,作文,3
1868,编,2
1869,从小到大,1
1870,送伞,3
1871,搞不明白,1
1872,感慨,2
1873,一边,1
1874,直,2
1875,嚷嚷,2
1876,卧槽,3
1877,吴青峰,1
1878,七月,1
1879,韩商言,1
1880,八月,2
1881,魏无羡,1
1882,九月,1
1883,蓝忘机,1
1884,十月,1
1885,范闲,1
1886,十一月,1
1887,梁又年,1
1888,十二月,1
1889,曾小贤,1
1890,一月,1
1891,陆绎,1
1892,二月,1
1893,元宋,1
1894,三月,1
1895,陆一白,1
1896,四月,1
1897,黎语冰,1
1898,爱上,3
1899,丁禹兮,1
1900,妲己,3
1901,大王,3
1902,妖纣,1
1903,王孤,1
1904,狐狸,1
1905,纣王宝贝,1
1906,妖,1
1907,孤爱,1
1908,公狐狸,1
1909,性取向,2
1910,决定,3
1911,很喜欢,3
1912,老师,12
1913,心墙,2
1914,网易云,3
1915,帮助,3
1916,机会,7
1917,获得,5
1918,呼下,1
1919,学期,1
1920,父母,4
1921,眼里,2
1922,发脾气,1
1923,自卑,1
1924,变得,4
1925,优秀,3
1926,算是,1
1927,郭静,1
1928,青春,10
1929,成熟,5
1930,凝望,1
1931,眺望,2
1932,方向,4
1933,谈,8
1934,从未,3
1935,成年,3
1936,订婚,2
1937,咩,1
1938,咳咳,1
1939,前天,1
1940,周五晚上,1
1941,夺,1
1942,初吻,2
1943,不曾,2
1944,想过,2
1945,爸,1
1946,牵手,1
1947,骑车,1
1948,小电驴,1
1949,抱我我还记得,1
1950,凉,1
1951,嘴唇,1
1952,味道,2
1953,甜,6
1954,初二,1
1955,一度,2
1956,有没有,6
1957,表现出,2
1958,在我心里,2
1959,男朋友,6
1960,新版,2
1961,集美们,2
1962,清理,2
1963,正式,3
1964,太紧张,1
1965,认清,1
1966,成全,2
1967,陈先生,3
1968,第1024天,1
1969,燥热,1
1970,巷子,1
1971,接吻,5
1972,嘴里,2
1973,桃子味,1
1974,饮料,2
1975,我还记,1
1976,承认,3
1977,暗示,1
1978,潜台词,1
1979,无动于衷,1
1980,欲情,1
1981,小学,1
1982,懵懵懂懂,1
1983,毕业,4
1984,面,1
1985,进行,4
1986,家长,1
1987,挨骂,1
1988,高三,3
1989,九年,1
1990,大学,2
1991,提,1
1992,分手,4
1993,肺癌,2
1994,你走,1
1995,从不,1
1996,勾搭,1
1997,懒得,1
1998,追求,2
1999,不肯,1
2000,将就,1
2001,有时候,3
2002,挺好,2
2003,到底,3
2004,从小,1
2005,色盲,1
2006,女朋友,8
2007,绿色,1
2008,初恋,2
2009,钟情,3
2010,依旧,3
2011,血缘关系,1
2012,上天,3
2013,送给,6
2014,求婚,3
2015,手抖,2
2016,大哥,5
2017,火箭,1
2018,很明显,1
2019,学校委,1
2020,屈,1
2021,课,1
2022,不懂觉,1
2023,不够,4
2024,人际,1
2025,见到,3
2026,读书,2
2027,落幕,1
2028,无光,2
2029,草莓哥,1
2030,讨论,1
2031,诞生,1
2032,环节,1
2033,学到,1
2034,变,2
2035,属于自己,1
2036,颗,1
2037,要知道,1
2038,前途,2
2039,逆风,1
2040,翻盘,1
2041,准备好了,1
2042,清早,1
2043,镜子,3
2044,油头,1
2045,花香,1
2046,擦,1
2047,花粉,1
2048,口点,1
2049,胭脂,1
2050,花红,1
2051,半年,1
2052,国风,2
2053,电子,1
2054,鸽,1
2055,尝试,5
2056,挺,9
2057,满意,1
2058,好久,6
2059,新,8
2060,wuli,1
2061,阿涵,1
2062,hook,2
2063,七吖,1
2064,鬼脸,4
2065,今日,8
2066,作业,12
2067,汇报,1
2068,数学,3
2069,提交,9
2070,语文,2
2071,英语,4
2072,地理,1
2073,历史,2
2074,道德,1
2075,物理,1
2076,赶紧,2
2077,词,6
2078,爵士,1
2079,乌鸡,1
2080,天下,1
2081,鲜,1
2082,悄悄,1
2083,屁,2
2084,风能,1
2085,前面,1
2086,蛮好,1
2087,有点呆,1
2088,风儿,2
2089,不错,1
2090,拉,2
2091,垮,1
2092,3分钟,1
2093,吹掉,1
2094,一半,1
2095,大哭,12
2096,熊二熊,1
2097,鱼,3
2098,熊,1
2099,嗯嗯,1
2100,烤,1
2101,好吃,2
2102,光头,2
2103,要不然去,1
2104,钓鱼,1
2105,熊二熊大你看光头强在钓鱼熊,1
2106,大可恶,1
2107,欺负,1
2108,小动物,1
2109,六月,1
2110,南方,1
2111,暴雨,2
2112,困,2
2113,教室,1
2114,里面,7
2115,很久以后,1
2116,三个月,2
2117,一首歌,9
2118,观众,2
2119,鞠躬,1
2120,听见,3
2121,落下,2
2122,忽然,2
2123,电,1
2124,闪雷鸣,1
2125,原来雨,1
2126,停,4
2127,食堂,2
2128,饭菜,1
2129,试卷,1
2130,淋,2
2131,雨,5
2132,临别之际写,1
2133,心意,1
2134,李润祺,3
2135,心心念念,2
2136,复旦大学,1
2137,说和,1
2138,地告,1
2139,推,2
2140,被迫,1
2141,大人,3
2142,倒回,1
2143,那时候,3
2144,去年,3
2145,毕业时,1
2146,一腔,1
2147,热忱,1
2148,顺顺,1
2149,利利,1
2150,人大法学,1
2151,系,4
2152,改变,6
2153,社会,1
2154,职高,2
2155,虚度,1
2156,光阴,3
2157,混日子,1
2158,顶端,1
2159,宿舍,1
2160,打着,1
2161,被窝,1
2162,抽噎,1
2163,抽,2
2164,中考,1
2165,代表,7
2166,输,2
2167,轻松,3
2168,手心,1
2169,余温刚好,1
2170,首次,1
2171,空间站,1
2172,宇宙,7
2173,银河,2
2174,星斗,1
2175,仓皇,1
2176,追赶,1
2177,日落,3
2178,静待,1
2179,漫天,1
2180,繁星,1
2181,盛大,1
2182,亲爱,1
2183,放在,1
2184,耳边,1
2185,硝烟,1
2186,散,1
2187,重逢所以说,1
2188,恨,1
2189,奇怪,2
2190,早早,1
2191,腐烂,1
2192,入土有,1
2193,刻骨,1
2194,两千,1
2195,三百一十二天,1
2196,寒风,1
2197,朔雪,1
2198,初见,2
2199,重逢,1
2200,秦究,1
2201,真实,1
2202,警告,1
2203,声,4
2204,网友,1
2205,火歌手,1
2206,心理,1
2207,疾病,1
2208,极其,2
2209,富有,1
2210,天赋,1
2211,主导,1
2212,遇上,1
2213,白裙子,1
2214,心脏,1
2215,不受,1
2216,控制,1
2217,办,1
2218,清醒,1
2219,状态,3
2220,策划,1
2221,谋杀,1
2222,那个女孩,1
2223,杀,1
2224,隔,1
2225,岸,1
2226,云里雾里分不清,1
2227,听完,4
2228,阿巴巴阿巴巴,1
2229,上去,1
2230,心动不一定要,1
2231,男女,1
2232,喔,2
2233,皮筋,1
2234,Dr,1
2235,城市,6
2236,汤汤粉粉日料,1
2237,西餐,1
2238,火锅,1
2239,路边,2
2240,串串,1
2241,早餐,2
2242,早饭,1
2243,爽,3
2244,广东,3
2245,骄傲,2
2246,phoneproject,1
2247,结局,4
2248,beat,1
2249,Ar,1
2250,担旗,1
2251,广州,1
2252,大团结,1
2253,大家好,2
2254,参赛选手,1
2255,粤语,1
2256,生仔,1
2257,未必,1
2258,福,1
2259,抱,1
2260,分屋老屋飞,1
2261,入,4
2262,外来,1
2263,雁鸡,1
2264,鸭,2
2265,眼碌碌,1
2266,公婆婆,1
2267,客堂,1
2268,发慌,1
2269,大红花轿,1
2270,ILOVEYOU,1
2271,怕,14
2272,日日,1
2273,煲,1
2274,靓汤南腔北调一锅粥,1
2275,诈傻,1
2276,扮,1
2277,懵,2
2278,够,1
2279,醒目,1
2280,求家,1
2281,万事兴,1
2282,乌龟,1
2283,头,4
2284,缩缩,1
2285,吴YF,1
2286,不好意思,2
2287,fansclub,1
2288,监狱,1
2289,club,1
2290,成功,3
2291,代替,1
2292,蜜雪冰城,4
2293,主题曲,1
2294,女声,2
2295,第一句,1
2296,干掉,1
2297,几句,1
2298,男,5
2299,地位,1
2300,凤凰传奇,1
2301,曾毅,1
2302,放空,1
2303,三分钟,1
2304,兄弟,5
2305,噪音,1
2306,烦,3
2307,答应,2
2308,减少,1
2309,上网,1
2310,按时,1
2311,写完,3
2312,长辈,2
2313,置于,1
2314,忙碌,1
2315,发呆,1
2316,好孩子,1
2317,一笔,1
2318,一划,1
2319,真正,6
2320,不正,1
2321,人人,2
2322,夸赞,1
2323,翻身战,1
2324,赢,1
2325,木头,4
2326,追到,3
2327,粘贴,1
2328,板,1
2329,丧,1
2330,桃花,1
2331,踩,2
2332,稀巴,1
2333,烂,4
2334,有事,1
2335,吼,2
2336,越来越,6
2337,务必,1
2338,删掉,1
2339,好友,1
2340,空间,1
2341,腾出,1
2342,6个,1
2343,夏林希,1
2344,蒋正寒,1
2345,江明一中,1
2346,一班,1
2347,倒数,1
2348,第一,7
2349,现京,1
2350,计算机,1
2351,大一,1
2352,新生,2
2353,今后,1
2354,我希望,1
2355,仅有,1
2356,丈夫,1
2357,批准,1
2358,适合,4
2359,明显,1
2360,公布,2
2361,恋情,1
2362,薛之谦,3
2363,好歌,1
2364,多多,7
2365,耍酷,2
2366,好害怕,1
2367,喝醉,1
2368,酒红,1
2369,眼眶,2
2370,kissyou,1
2371,第520条,1
2372,loveme,1
2373,家伙,1
2374,带丧,1
2375,一听,1
2376,脑子,2
2377,帅哥,3
2378,美女,1
2379,下首歌,1
2380,类型,3
2381,今夜,1
2382,暂时,2
2383,住在,2
2384,前奏,2
2385,强吻,1
2386,11天后,1
2387,发挥,1
2388,超常,1
2389,2021届,1
2390,全都,1
2391,upupup,1
2392,很乖,1
2393,刘姐,1
2394,好久不见,1
2395,听得,1
2396,写歌,1
2397,不见,1
2398,当你,1
2399,感叹号,2
2400,卡点,1
2401,藏不住,1
2402,桑延温以凡,1
2403,江忍孟,1
2404,偏偏,2
2405,宠爱,1
2406,谢辞,1
2407,许呦,1
2408,梨涡,1
2409,许星,1
2410,纯,1
2411,雪梨,1
2412,风热,1
2413,吻,1
2414,陆嘉珩,1
2415,栀,1
2416,可爱,6
2417,一斤,1
2418,沈倦林语惊白日梦我傅斯珩安歌你乖不乖秦孑陈恩赐银河之上的你章峥岚,1
2419,萧水光,1
2420,桥上,1
2421,风景,2
2422,从无到有,1
2423,路,5
2424,颠簸,2
2425,坎坷,1
2426,好在,1
2427,始终,2
2428,一人,3
2429,不离不弃,1
2430,苦,1
2431,累,2
2432,溢满,1
2433,幸福感,1
2434,瞎,1
2435,裁判,1
2436,眼睛,3
2437,腹肌,1
2438,长大,3
2439,白天,1
2440,正经,1
2441,上班,1
2442,傍晚,1
2443,接,3
2444,下班,1
2445,香,2
2446,慢热,1
2447,慢冷,1
2448,预热,1
2449,没戏,1
2450,懂得,2
2451,慢,2
2452,唠唠叨叨,1
2453,说话,6
2454,找找,1
2455,话题,1
2456,尴尬,1
2457,活泼,1
2458,够了,2
2459,忘记,5
2460,甜蜜蜜,1
2461,意思,4
2462,喝,6
2463,105,2
2464,水,2
2465,下水,1
2466,沸点,1
2467,100,1
2468,左右,1
2469,实验室,1
2470,变成,3
2471,固态,1
2472,冰,1
2473,纯正,1
2474,理工男,1
2475,一枚,1
2476,阿肆,2
2477,翻唱,2
2478,大赛,1
2479,第二名,1
2480,这件事,2
2481,99遍,1
2482,只能,7
2483,再见,2
2484,考试前禁曲1两只老虎爱跳舞2,1
2485,热爱,4
2486,105度,1
2487,感觉人,1
2488,破碎,1
2489,用尽,1
2490,力气,1
2491,anyway,1
2492,一点点,1
2493,治愈,3
2494,心满意足,1
2495,三冬暖春,1
2496,寒,1
2497,天黑,1
2498,伞,2
2499,释怀,2
2500,照片,1
2501,删,6
2502,保存,1
2503,云端,1
2504,丢,3
2505,装进,1
2506,箱子,1
2507,提醒,1
2508,忘记你,1
2509,整理,1
2510,差别,1
2511,照样,2
2512,并列,1
2513,一辈子,4
2514,嘻嘻哈哈,1
2515,渐渐,2
2516,稳重,1
2517,素颜,1
2518,坦诚,2
2519,精致,1
2520,难忘,1
2521,三年后,3
2522,有钱,1
2523,人妻,1
2524,一有钱,1
2525,男子,2
2526,生,3
2527,女儿,5
2528,无能无力,1
2529,已然,1
2530,看得出来,2
2531,法老,8
2532,太阳,6
2533,肯迪仔,1
2534,哥哥,4
2535,烤串,1
2536,花太阳,1
2537,击倒,1
2538,biu,3
2539,三个,3
2540,app,1
2541,用上,1
2542,情,3
2543,单词,1
2544,康姆士,5
2545,做到,2
2546,原本,2
2547,渣男,3
2548,害羞,1
2549,老实,1
2550,懂事,2
2551,单纯,1
2552,专,2
2553,害,1
2554,翘,1
2555,舌音,1
2556,算,5
2557,看完,3
2558,表白,3
2559,在一起啦,1
2560,照亮,3
2561,COMZ,1
2562,牛顿,1
2563,万有引力,1
2564,吸引力,1
2565,破阁楼,2
2566,城堡,2
2567,正规,1
2568,重做,1
2569,作,2
2570,词曲,1
2571,问题,5
2572,更正,1
2573,就好,3
2574,一波,1
2575,黄磊,1
2576,正常,3
2577,15岁,3
2578,早恋,3
2579,恋爱情,1
2580,窦初开,1
2581,这个词,2
2582,混蛋,1
2583,什么叫,1
2584,绝对不会,1
2585,更好,6
2586,现,1
2587,篮球赛,1
2588,班,2
2589,落后,2
2590,20分,1
2591,响,3
2592,急,3
2593,跳投,1
2594,3分,2
2595,干拔,1
2596,带领,1
2597,队友,1
2598,30分,1
2599,为啥,2
2600,gai哥,1
2601,vx,1
2602,代入感,3
2603,NBA,1
2604,总决赛,1
2605,crossover,1
2606,晃,1
2607,飞,3
2608,艾弗森,1
2609,周延谢,1
2610,老板,2
2611,身份证,1
2612,紧,1
2613,赚,2
2614,五年十年,1
2615,老子们,1
2616,视野,1
2617,vibe,1
2618,手底下,1
2619,rapstar老子,1
2620,摆,2
2621,future,1
2622,老子,3
2623,谢老板,1
2624,谈到,1
2625,说唱,10
2626,绕不开,1
2627,三尊,1
2628,大神,1
2629,技术流,1
2630,天花板,1
2631,梦幻,1
2632,联动,1
2633,技术,3
2634,交流,3
2635,完事,1
2636,分工,1
2637,明确,1
2638,谢帝,1
2639,揭穿,1
2640,空壳,3
2641,贝贝,1
2642,碎,1
2643,AR,1
2644,收,2
2645,尸,1
2646,祷告,1
2647,中间,1
2648,英文,1
2649,那段,2
2650,傻,1
2651,Lipstheangel,1
2652,在床上,1
2653,躺着,1
2654,外星,1
2655,早上,1
2656,吃着,1
2657,身上,8
2658,残留,2
2659,昨晚,2
2660,气息,1
2661,厨房,1
2662,墙壁,1
2663,热吻,1
2664,融为,1
2665,一体,1
2666,相爱,6
2667,赌气,1
2668,能不能,2
2669,别让,1
2670,掉头发,1
2671,从小到大都,1
2672,短短,1
2673,妨,1
2674,大胆,1
2675,攀,1
2676,山,1
2677,2020725,1
2678,周深,8
2679,出道,5
2680,六周年,2
2681,14年,1
2682,初次,1
2683,化身,3
2684,鲸,4
2685,入睡,1
2686,居然,2
2687,六年,1
2688,不忘初心,1
2689,起点,1
2690,想象,2
2691,有很多,4
2692,困难,2
2693,时刻,2
2694,生米们,2
2695,走下去,1
2696,美梦,2
2697,更高,2
2698,拼盘,1
2699,Live,1
2700,收听,3
2701,场地,1
2702,越来越多,1
2703,卡布,3
2704,unravel,1
2705,认识,9
2706,泪泪泪,1
2707,生物,1
2708,题,1
2709,全世界,3
2710,亿个,1
2711,细胞,1
2712,为你,1
2713,眼中,2
2714,春,2
2715,秋,1
2716,胜过,1
2717,爱过,2
2718,山川,1
2719,河流,1
2720,一只,2
2721,蓝鲸,2
2722,中游,1
2723,越来,1
2724,越多,1
2725,所说,2
2726,鱼虾,2
2727,身,1
2728,侧,1
2729,穿行,1
2730,飞鸟,2
2731,背上,1
2732,人群,1
2733,围绕,1
2734,当成,1
2735,整个,3
2736,人称,1
2737,小妹妹,1
2738,宝宝,1
2739,姐姐,6
2740,看见,2
2741,百般,1
2742,电话那端,1
2743,嘻嘻,1
2744,一笑,1
2745,说好,1
2746,wow,1
2747,我的歌,1
2748,骂,2
2749,小伙,1
2750,骑,1
2751,鬼火,1
2752,弟弟,1
2753,珠穆朗玛峰,1
2754,别闹,1
2755,野心勃勃,1
2756,贬义词,1
2757,总算,1
2758,别再说,1
2759,长时间,1
2760,不发,2
2761,化为,2
2762,夜空,2
2763,一抹,2
2764,月影,1
2765,我愿,2
2766,化成,2
2767,深海,3
2768,星月,1
2769,孤独,9
2770,久居,1
2771,海底,1
2772,三块,3
2773,直播,4
2774,不和,1
2775,主播,1
2776,PK,1
2777,前排,1
2778,宝藏,5
2779,越来越好,4
2780,扩列,1
2781,全校,1
2782,张嘴,1
2783,教,1
2784,服了唱,1
2785,也敢,1
2786,跪下来,1
2787,被骗,1
2788,抄,2
2789,新华字典,1
2790,查,1
2791,都一样,2
2792,只不过,3
2793,顺序,1
2794,打乱,1
2795,这家伙,1
2796,淘汰,1
2797,叫做,1
2798,脱离,1
2799,小情,1
2800,小爱,1
2801,走向,2
2802,讽刺,2
2803,有力,2
2804,新时代,1
2805,下午,1
2806,一觉,1
2807,火了其实,1
2808,资料,1
2809,搜集,1
2810,本来,3
2811,长文,1
2812,懒,1
2813,闲适,1
2814,午后,1
2815,一不小心,2
2816,抨击方,1
2817,提供,1
2818,无偿,1
2819,混音,1
2820,土地容,1
2821,污蔑,1
2822,刚,2
2823,钓,1
2824,rapper,1
2825,不用,3
2826,吸毒,2
2827,嘻哈,1
2828,专业,2
2829,爱好者,1
2830,专业队,1
2831,喷,2
2832,萌,2
2833,周淑怡,1
2834,药水,1
2835,比较,1
2836,抒情,2
2837,平常,2
2838,尊重,4
2839,慢慢,1
2840,额,1
2841,进步,3
2842,公园,1
2843,鸡蛋,2
2844,之路,1
2845,公屏,2
2846,也许,3
2847,根本,3
2848,刘波,2
2849,鹰,2
2850,留恋,2
2851,地平线,2
2852,云层,2
2853,路途,2
2854,距离,1
2855,隔着,2
2856,一副,1
2857,Dontcrymy,1
2858,babe,1
2859,头等舱,1
2860,经济舱,1
2861,落地,1
2862,竞技场,1
2863,何尝,1
2864,展开,1
2865,翅膀,1
2866,飞向,1
2867,天空,3
2868,火了那,1
2869,说说,3
2870,起因,1
2871,一个故事,3
2872,辛辛苦苦,1
2873,结束,3
2874,工作,1
2875,马路,1
2876,十七岁,1
2877,衣袖,1
2878,注重,1
2879,细节,1
2880,毁,1
2881,好多,4
2882,差点,1
2883,自杀,1
2884,友友们,1
2885,推荐,1
2886,归暑,1
2887,差不多,1
2888,大街,1
2889,音乐人,2
2890,droptop,1
2891,井盖,1
2892,王源,1
2893,autotune,1
2894,不听,1
2895,80,1
2896,frowned,1
2897,换,3
2898,搜,3
2899,线,3
2900,处男,2
2901,马思唯,2
2902,年代,2
2903,海贼王,1
2904,连载,1
2905,进来,2
2906,别站门,1
2907,姐妹,2
2908,错,2
2909,伤心,1
2910,流眼泪,1
2911,怪,4
2912,爱吃,2
2913,豆瓣酱,1
2914,开,3
2915,邻居,2
2916,Toyota,1
2917,车祸,1
2918,读后感,1
2919,放学,1
2920,交,1
2921,办公室,1
2922,三十,3
2923,这些天,1
2924,很大,2
2925,三十nb,1
2926,大笑,1
2927,催裂,1
2928,鬼,2
2929,这几天,1
2930,遭受,1
2931,wc,1
2932,2分,1
2933,38秒,1
2934,喘,2
2935,好欲,1
2936,半段,2
2937,解释,1
2938,好不容易,1
2939,美,2
2940,船,1
2941,靠岸,1
2942,病倒,1
2943,妹妹,3
2944,撑,3
2945,痴情种,1
2946,皆是,2
2947,负心人,1
2948,茫小,1
2949,补习班,1
2950,课余,1
2951,器乐,1
2952,道路,1
2953,试,5
2954,藏进,1
2955,抱有,1
2956,年纪,1
2957,独有,1
2958,憧憬,2
2959,满腔,1
2960,孤勇,1
2961,渴望,2
2962,绽放,1
2963,远赴,1
2964,异国,1
2965,生涩,1
2966,显得,3
2967,兴奋,1
2968,迷茫,4
2969,职教,1
2970,普高班,1
2971,在这里,2
2972,周围,1
2973,谈论,1
2974,好看,2
2975,处谈,1
2976,复习,1
2977,罪过,1
2978,嘲讽,1
2979,质疑,3
2980,并不,2
2981,善于,1
2982,交际,1
2983,致命,1
2984,打击,1
2985,大声,3
2986,宣读,1
2987,宣言,2
2988,得不到,2
2989,面前,2
2990,静音,1
2991,无数个,1
2992,戴着,1
2993,万家灯火,1
2994,路人,2
2995,问一下,1
2996,15岁时,1
2997,很好听,2
2998,有线,1
2999,安全感,3
3000,无线,1
3001,狗,2
3002,奶茶,4
3003,百香果,1
3004,双响炮,1
3005,十杯,1
3006,CoCo,1
3007,送,7
3008,底下,1
3009,撒娇,2
3010,察觉,2
3011,榜,1
3012,coco,1
3013,额外,1
3014,有空,1
3015,冬,1
3016,我以为,2
3017,定律,1
3018,痴情,1
3019,出租车司机,1
3020,牌,1
3021,亮起来,1
3022,一分,1
3023,意外,1
3024,熬夜,2
3025,经历,6
3026,无法,3
3027,说出来,1
3028,无法身同,1
3029,脾气,1
3030,笑容,3
3031,假,1
3032,放过,1
3033,无聊,1
3034,聊聊天,1
3035,长期,1
3036,很糟糕,1
3037,信任,3
3038,胡思乱想,1
3039,伞雨,1
3040,落到,1
3041,肩上,1
3042,心如死灰,1
3043,像极了无理取闹,1
3044,逼,5
3045,迟暮,1
3046,霞光,1
3047,笑意,1
3048,光,4
3049,买菜,2
3050,好高冷,1
3051,没感觉,1
3052,目光,3
3053,夹杂,1
3054,爱意,3
3055,闭,1
3056,宇航员,1
3057,终,5
3058,月亮,4
3059,周静静,1
3060,逼问,1
3061,消息,2
3062,这种歌,1
3063,不经意,1
3064,路上,5
3065,甜甜,1
3066,HLH,2
3067,LXY,2
3068,碎碎,1
3069,念念,1
3070,岁岁年年,1
3071,走路,1
3072,地球,1
3073,单独,2
3074,约会,1
3075,双,2
3076,去找,3
3077,单,2
3078,陌路零听天由命,2
3079,仅,1
3080,你可见,1
3081,futurebass,1
3082,男声,1
3083,吕帅,1
3084,陆怡雯,1
3085,制作人,2
3086,共同,1
3087,甜美,1
3088,电音,2
3089,流行,1
3090,单曲,4
3091,滴,1
3092,平行,3
3093,我相信,1
3094,爱不到,1
3095,耐心,1
3096,某年,2
3097,某月某日,1
3098,某月,1
3099,某天,1
3100,平行世界,1
3101,是否,4
3102,还会,4
3103,放不下,4
3104,想爱,1
3105,唯独,3
3106,诗,1
3107,玩家,1
3108,起立多多大哭多多大哭多多大哭,1
3109,量子力学,1
3110,每一次,2
3111,刻骨铭心,1
3112,恒河,1
3113,无垠,1
3114,终生,1
3115,1996242020,1
3116,新年快乐,3
3117,源于,2
3118,一部分,1
3119,所能,1
3120,好回忆,1
3121,单数,4
3122,双数,4
3123,RememberHappy,1
3124,励志,1
3125,追梦人,1
3126,hitsong,1
3127,预定,1
3128,放任,1
3129,失控,1
3130,室友,1
3131,偶像,1
3132,乱,1
3133,禁止,1
3134,张靓颖,1
3135,比赛,6
3136,第二,4
3137,潘玮柏,1
3138,吴亦凡,3
3139,发电,1
3140,GAIGOHS,1
3141,朴宰范,1
3142,出场,1
3143,当似,1
3144,鹏起,1
3145,余生漫长,1
3146,指教,1
3147,乾坤,1
3148,未定你我皆是,1
3149,黑马,1
3150,余生,1
3151,三观,4
3152,一致,1
3153,相处,1
3154,不累,1
3155,珍宝,1
3156,微笑,1
3157,拼命,2
3158,奖励,1
3159,寒假,2
3160,自律,1
3161,强大,3
3162,孤身,1
3163,平静,1
3164,活下去,1
3165,新海诚言叶之庭,1
3166,比谈恋爱,1
3167,颜人中,2
3168,沈以诚,2
3169,人民,1
3170,写作,1
3171,APP,1
3172,郑爽,1
3173,官方,3
3174,回答,1
3175,废话,2
3176,最高,1
3177,境界,1
3178,聊,2
3179,哪一个,1
3180,原来,7
3181,只有我自己,1
3182,2319,1
3183,晚安,6
3184,新版本,1
3185,向前走,1
3186,停滞不前,1
3187,愿望,1
3188,11月25日,1
3189,文学,1
3190,演员,1
3191,傻逼,1
3192,名,2
3193,宝贝们,1
3194,方便,2
3195,搜索,1
3196,副标题,2
3197,一段时间,2
3198,去掉,1
3199,黑客,1
3200,放心,1
3201,河南,1
3202,一个十八,1
3203,县城,1
3204,万达,1
3205,星巴克,1
3206,沃尔玛,1
3207,熟人,1
3208,逛,2
3209,颜同学,1
3210,隔壁,5
3211,颜料,1
3212,了解,2
3213,美食,1
3214,电动,1
3215,冲浪,1
3216,初心,2
3217,做自己,2
3218,离不开,1
3219,兜,1
3220,一圈,2
3221,还好,2
3222,深藏,1
3223,忘不掉,2
3224,叮咚门,1
3225,沉默,1
3226,一会,2
3227,回不去,1
3228,叔叔,1
3229,袁湘琴,1
3230,江直树,1
3231,汪苏泷,2
3232,等不到,1
3233,第37句,1
3234,美嘉,1
3235,淋雨,1
3236,锁,1
3237,子乔怀里,1
3238,画面,1
3239,KUN式,1
3240,慵懒,1
3241,跳跃,1
3242,低声,1
3243,吟唱,1
3244,迷幻,1
3245,徐不疾,1
3246,整首歌,1
3247,节奏,2
3248,涌动,1
3249,暗流,1
3250,KUN,1
3251,诠释,2
3252,两年,3
3253,依赖,2
3254,babygirl,2
3255,lover,2
3256,内娱,1
3257,性感,1
3258,偏见,2
3259,服务,1
3260,很正常,1
3261,品味,1
3262,一脚,1
3263,蓝玫瑰,3
3264,花语,1
3265,相守,1
3266,清纯,1
3267,白月光,2
3268,如初见,1
3269,girlfriend,1
3270,人世间,1
3271,百媚千红,1
3272,钟,1
3273,道歉,4
3274,篮球梗,1
3275,Bemylover,1
3276,炮苏,1
3277,爆炸,2
3278,坤,2
3279,隐藏,1
3280,声优,1
3281,Iwan,1
3282,naget,1
3283,love,1
3284,Iknow,1
3285,you,1
3286,wantit,1
3287,小鹿乱撞,1
3288,气氛,1
3289,升温,1
3290,铺满,1
3291,红晕,1
3292,迷人,1
3293,心魄,1
3294,多年前,1
3295,许嵩,6
3296,潮流,1
3297,多年后,1
3298,嵩哥,1
3299,五月,1
3300,动心,1
3301,泛,1
3302,黄,1
3303,惊动,1
3304,窗外,1
3305,麦田,1
3306,牵,1
3307,黎明,2
3308,千山万水,1
3309,偷,2
3310,心底,1
3311,留,4
3312,hiphop,1
3313,称,1
3314,启蒙者,1
3315,晕,1
3316,泡,3
3317,泉,2
3318,眼神,1
3319,求知,1
3320,燃起,1
3321,焰火,1
3322,5岁,2
3323,宋,1
3324,橙子,4
3325,剪,1
3326,啃,1
3327,刘海,1
3328,宋多,1
3329,上车,1
3330,邓紫棋,3
3331,勉强,1
3332,李荣浩,1
3333,轮到,1
3334,周兴哲,1
3335,三毛,1
3336,我的无论我十指怎样紧扣仍然走漏给我的无论过去我,1
3337,失手,1
3338,鹿晗,1
3339,关晓彤,1
3340,东北人,1
3341,出港,1
3342,台腔,1
3343,我自己,4
3344,拥抱,2
3345,同志,1
3346,并没有,1
3347,快乐大本营,1
3348,号码,1
3349,场上,1
3350,默默,1
3351,回复,2
3352,二模,1
3353,59天,1
3354,外班,1
3355,好感,1
3356,静下心,1
3357,千古横有八荒但愿我们前途似海来日方长,1
3358,首选,1
3359,宠溺,1
3360,唯一,2
3361,偏向,1
3362,岁月,4
3363,永不,2
3364,说话中立忽冷忽热区别对待才是我要的爱我要的爱,1
3365,存在,1
3366,宠坏,2
3367,天下母亲母亲节,1
3368,赖,1
3369,奇奇,2
3370,亲密,1
3371,霸道,1
3372,粘着,1
3373,第三期,3
3374,重置,1
3375,计划,1
3376,首发,1
3377,来啦,1
3378,撩人,1
3379,音,3
3380,歌唱,2
3381,尝尽,1
3382,人间,5
3383,疾苦,1
3384,留下,3
3385,无所不能,1
3386,正压,1
3387,百,1
3388,邪,2
3389,收起,1
3390,小小,2
3391,挂起,1
3392,好觉,1
3393,压,1
3394,小魔王,3
3395,这个月,1
3396,第三次,2
3397,偷偷摸摸,1
3398,天庭,1
3399,值班,1
3400,魔界,1
3401,仙界,1
3402,向来,1
3403,势不两立,1
3404,多次,1
3405,鬼鬼祟祟,1
3406,窥探,2
3407,天机,1
3408,取,2
3409,宝物,1
3410,缩,2
3411,桂花糕,1
3412,南天门,1
3413,穿着,1
3414,黑裙,1
3415,九月底,1
3416,余佳,1
3417,运,2
3418,辣,1
3419,gay,1
3420,直男,1
3421,独角戏,2
3422,一厢情愿,1
3423,哈喽,1
3424,小可爱,1
3425,开头,2
3426,两句,1
3427,张杰,5
3428,统一,1
3429,疑问,1
3430,键盘,1
3431,钢,1
3432,伴然,1
3433,编写,1
3434,主旋律,1
3435,半,1
3436,和弦,2
3437,调,6
3438,4536,1
3439,156251,1
3440,不一样,5
3441,乡愁,1
3442,浓浓,1
3443,抄袭,4
3444,讨厌,3
3445,下雨天,1
3446,更讨厌,1
3447,演绎,4
3448,爱了很久的我们的爱,1
3449,黑,2
3450,不得不,1
3451,表现,2
3452,心服口服,1
3453,台上,1
3454,小心翼翼,1
3455,竟,1
3456,些许,1
3457,心疼,2
3458,黄霄雲,1
3459,可期,5
3460,今晚,1
3461,黄女士,3
3462,曾多次,1
3463,jj,1
3464,我们的爱,1
3465,演唱,2
3466,很多次,1
3467,突围赛,1
3468,失败,2
3469,没事,2
3470,反正,1
3471,这么多,2
3472,吉克,1
3473,手中,1
3474,邦尼,1
3475,黄霄云,4
3476,霄云,1
3477,一名,1
3478,警察,1
3479,出差,1
3480,坏人,1
3481,酒店,2
3482,房间,2
3483,俩人,1
3484,浴巾,1
3485,转过头接着,1
3486,搜另外,1
3487,犯罪嫌疑人,1
3488,押出,1
3489,回局,1
3490,22岁,2
3491,国家,2
3492,多多少少,1
3493,外界,1
3494,固有,1
3495,印象,1
3496,妥协,2
3497,从事,1
3498,纹身,3
3499,这一切,1
3500,一时半,1
3501,能带给,1
3502,一丁点,1
3503,勇气,1
3504,报复,1
3505,这世界,2
3506,风度,1
3507,腰间,1
3508,普通,4
3509,车辆,1
3510,高速公路,1
3511,罚款,4
3512,扣分,1
3513,1超速,1
3514,处罚,2
3515,超过,5
3516,规定,4
3517,时速,4
3518,10,2
3519,以内,1
3520,暂,1
3521,达,3
3522,20,2
3523,处,3
3524,50元,2
3525,记,6
3526,30,2
3527,6分,2
3528,50,1
3529,200元,1
3530,晚,2
3531,蹭,1
3532,春卷,1
3533,试试,1
3534,想法,2
3535,第一口,1
3536,极,2
3537,外婆,2
3538,一晃,1
3539,好多年,1
3540,还不够,3
3541,也想,1
3542,尽力而为,1
3543,会好,3
3544,活着,2
3545,日子,9
3546,半山,1
3547,腰,1
3548,太挤,1
3549,山顶,1
3550,看看,2
3551,任然,1
3552,老娘,1
3553,想忘记,1
3554,注销,2
3555,希望云村,1
3556,有情人终成眷属,1
3557,舌天团新年巨制自夸小队,1
3558,爆棚,4
3559,鼠,1
3560,年快乐,1
3561,身体健康,1
3562,切,3
3563,嘴,2
3564,杯子,1
3565,口音,1
3566,博爱,1
3567,输出,1
3568,吼学,1
3569,马哥太,1
3570,学不来好,1
3571,硬币,1
3572,币,1
3573,LGlywww,1
3574,好客茶,1
3575,verse1边学,1
3576,替身,1
3577,财大茄,1
3578,verse2花,1
3579,胡哨,1
3580,炫富,1
3581,土味,1
3582,北,1
3583,verse3,1
3584,vlog,1
3585,行猩,1
3586,verse,1
3587,4头,1
3588,以下,1
3589,十一厘米,1
3590,变种马,1
3591,太主,1
3592,敷衍,2
3593,只好,1
3594,想念,1
3595,热情,1
3596,十分,1
3597,保留,2
3598,天真,1
3599,打卡,1
3600,放言,1
3601,伤,1
3602,惨,1
3603,顺手,1
3604,顶级,1
3605,旺柴,1
3606,缺乏,1
3607,盼,1
3608,千玺,1
3609,小号,1
3610,一个爱胡思乱想的女孩,1
3611,注定,1
3612,凭什么,1
3613,心情,1
3614,网课,1
3615,进去,1
3616,玩完,1
3617,负罪感,1
3618,忍不住,2
3619,突然间,1
3620,好坏,1
3621,便,2
3622,不负,2
3623,pyq,1
3624,戳,1
3625,旅行,3
3626,西北,1
3627,拉萨,2
3628,雪山,1
3629,沙漠,1
3630,大大小小,1
3631,佛,1
3632,保佑,1
3633,流星,1
3634,许愿,1
3635,心碎,1
3636,三种,1
3637,医生,3
3638,病人,1
3639,老樊,6
3640,樊凯杰,2
3641,证明,3
3642,善良,3
3643,黑刀,1
3644,第三种,3
3645,本期,1
3646,滤镜,1
3647,作人,1
3648,一步步,1
3649,接近,1
3650,嗓音,2
3651,有高于,1
3652,目前,1
3653,审美,1
3654,认知,1
3655,稳定,1
3656,心态,1
3657,足以,1
3658,刮目相看,1
3659,综艺节目,1
3660,不管怎样,1
3661,期,1
3662,唱作人,1
3663,挑,1
3664,第一期,2
3665,一套,1
3666,这期,2
3667,又说,3
3668,优势,1
3669,马頔,2
3670,郑钧,1
3671,唱作人2,1
3672,执着,3
3673,试图,1
3674,解脱,1
3675,可逆,1
3676,义无反顾,1
3677,浪费,2
3678,这一次,3
3679,半途,1
3680,废,1
3681,要紧,1
3682,抱住,1
3683,何苦,1
3684,海阔天空,1
3685,拉拉,5
3686,王靖雯,1
3687,徐佳莹,3
3688,王菲,1
3689,合体,1
3690,耿斯汉,1
3691,想尽,1
3692,办法,1
3693,奇袭,1
3694,倒计时,2
3695,72天,1
3696,学子,1
3697,即将,1
3698,粉们,1
3699,找回,1
3700,初衷,1
3701,满满,2
3702,能量,1
3703,传递,4
3704,感动我爱你背上吉他弹唱的你也好美好帅全能拉拉你好棒,1
3705,高一,1
3706,报文,1
3707,理科,1
3708,操场,1
3709,走着,1
3710,选文,1
3711,选理,1
3712,慌,1
3713,背后,1
3714,二智,2
3715,幕后者,1
3716,宝贝,4
3717,幕后,1
3718,残忍,1
3719,渣女,1
3720,奈何,1
3721,清凉,1
3722,解暑,1
3723,初夏,1
3724,西装,1
3725,做题,1
3726,疯,1
3727,扔,1
3728,冷静,1
3729,捡,1
3730,周而复,1
3731,枯燥,1
3732,封住,1
3733,三姑,1
3734,六婆,1
3735,十年后,1
3736,老妈,1
3737,鬓上,1
3738,白发,1
3739,老爸,1
3740,应酬,1
3741,灌,1
3742,坏,3
3743,胃,1
3744,对应,1
3745,知我,3
3746,瞎带,1
3747,爷,1
3748,顶,1
3749,乐评,2
3750,找寻,1
3751,知,1
3752,当年,1
3753,氓,1
3754,声嘶力竭,1
3755,半个小时,1
3756,止住,1
3757,笑死,1
3758,不容易,1
3759,真的好好听祝你火遍全网好家伙木斤,1
3760,互道,1
3761,次数,1
3762,换算,1
3763,一道,3
3764,公式,1
3765,n次方,1
3766,4月19日,1
3767,一年后,1
3768,颜,1
3769,人中,1
3770,如今,2
3771,弄,1
3772,梦到,1
3773,你我,1
3774,一题,1
3775,老公,1
3776,升级,1
3777,作报道,1
3778,说句,1
3779,打扰,2
3780,1的包容1的宠爱1的陪伴1的贴心1的想念1的理解1的懂你剩下93,1
3781,忠诚,1
3782,好女孩,1
3783,气质,1
3784,拔尖未来,1
3785,光明,1
3786,2020214,1
3787,上帝,1
3788,7天,1
3789,7日,1
3790,安息,1
3791,户,1
3792,人家呶就外边那个穿喜服的娃子今个他,1
3793,娶亲,1
3794,喜事,1
3795,诶,1
3796,会儿今个儿,1
3797,正月十八,1
3798,破,2
3799,大事,2
3800,不宜,1
3801,嗨,1
3802,哪家,2
3803,姑娘,4
3804,肯,1
3805,缺心眼,1
3806,娃子,1
3807,这等,1
3808,婚姻,2
3809,着调,1
3810,前些,1
3811,投河,1
3812,算算,1
3813,七,1
3814,贵集团,1
3815,缺,3
3816,保洁,1
3817,保安,1
3818,应聘,1
3819,晓得,1
3820,成都集团,1
3821,角色,1
3822,莫,2
3823,cdc,1
3824,没得,1
3825,档次,1
3826,Ty,1
3827,本名,1
3828,烫眼,1
3829,掏,1
3830,牙,1
3831,注意,1
3832,代号,1
3833,秃头,1
3834,谥号,1
3835,唐溢,1
3836,代表作,1
3837,咯,2
3838,素质,2
3839,文明,1
3840,保证,1
3841,打不死,1
3842,黄子韬,1
3843,热狗,1
3844,从前,5
3845,犯,2
3846,过错,1
3847,这一生,3
3848,犯错,2
3849,必要,2
3850,花费,1
3851,心力,1
3852,干干净净,1
3853,恶意,1
3854,攻击,2
3855,诬陷,1
3856,态度,2
3857,diss,1
3858,污点,2
3859,艺人,1
3860,小孩,3
3861,0秒,1
3862,到达,2
3863,战场,1
3864,我方,1
3865,徐秉龙,1
3866,侵权,2
3867,决不,1
3868,混为一谈,1
3869,目的,2
3870,错误,2
3871,辩解,1
3872,赔钱,2
3873,代价,1
3874,自我,5
3875,警示,1
3876,人品,5
3877,安,2
3878,澄清,2
3879,最多,1
3880,这个人,3
3881,前女友,1
3882,装满,1
3883,屋子,1
3884,yp,1
3885,有问题,1
3886,sorry,1
3887,输入,1
3888,鼓起勇气,2
3889,似乎,1
3890,诚实,1
3891,前程,1
3892,似锦,1
3893,太虚,1
3894,伪,1
3895,贫困潦倒,1
3896,夜夜,1
3897,受过,1
3898,罪,1
3899,想逃,1
3900,分得,1
3901,清迪奥香奈儿,1
3902,口红,1
3903,号,3
3904,究竟,1
3905,合格,1
3906,恋人,1
3907,大方,1
3908,善解人意,1
3909,信手拈来,1
3910,喜欢你,1
3911,砸,1
3912,幼稚,1
3913,小心,3
3914,嫉妒心,1
3915,抽离,1
3916,病情,1
3917,有些人,2
3918,不大,1
3919,酷盖少年小鬼王琳凯以梦为桨以爱做舟,1
3920,暗,2
3921,粉色,1
3922,EPFROMMTOW,2
3923,奇妙,1
3924,旅程,2
3925,第三支,2
3926,外卖会,1
3927,听觉,1
3928,盛宴,1
3929,借给,1
3930,一同,1
3931,小鬼,5
3932,王琳凯,5
3933,FROMMTOW,1
3934,终将,2
3935,熠熠,1
3936,发光,1
3937,一个字,1
3938,狠狠,1
3939,洗脑,1
3940,内容,1
3941,王琳,1
3942,凯歌,1
3943,出名,1
3944,停止,1
3945,变幻,1
3946,着迷,1
3947,支,2
3948,延续,1
3949,伸展,1
3950,Unplugged,1
3951,原声,1
3952,回归,1
3953,外卖,3
3954,珍藏,1
3955,大心,1
3956,很空当你,1
3957,追寻,1
3958,真谛,1
3959,全新,2
3960,陪着,3
3961,属于,3
3962,专属,1
3963,答案,3
3964,叮,1
3965,陷入,1
3966,转折点,1
3967,不断,3
3968,从一开始,1
3969,青涩,1
3970,自如,1
3971,使用,2
3972,有目共睹,1
3973,走南,1
3974,闯北,1
3975,爆,1
3976,家门铃,1
3977,海妖,1
3978,修炼,1
3979,魔魔,1
3980,法力,1
3981,远远,1
3982,妖怪鬼,1
3983,某种,2
3984,程度,1
3985,仙,1
3986,对手,1
3987,病娇,1
3988,暗黑迷幻,1
3989,魔,1
3990,门铃,2
3991,佩服,1
3992,两期,1
3993,中规中矩,1
3994,突破,1
3995,达尼亚,1
3996,美声与流行结合达拉崩吧分饰多角破次元壁相思挑战戏曲国风到这次病娇风他真的尽力,1
3997,更丰富,1
3998,形式,1
3999,年轻人,1
4000,后盾,1
4001,收到,2
4002,妈带感,1
4003,生日礼物,2
4004,不动,1
4005,想起来,1
4006,红眼睛,1
4007,血腥,1
4008,反复,1
4009,死过来,1
4010,十期,1
4011,有把握,1
4012,四五年前,1
4013,进深,1
4014,深里,1
4015,高晓松,2
4016,欣赏,1
4017,非标品,1
4018,第几名,1
4019,第一名,1
4020,占有欲,1
4021,最搞笑,1
4022,实在,1
4023,复合,2
4024,小孩子,1
4025,一塌糊涂,1
4026,钥匙,1
4027,记住,4
4028,清贫,1
4029,敢,3
4030,繁华,1
4031,两袖,1
4032,清风,1
4033,误,1
4034,佳人,1
4035,年龄,1
4036,钉,2
4037,慎,1
4038,重点,1
4039,关乎,1
4040,性命,1
4041,从一,2
4042,瓶,1
4043,啤酒,1
4044,说起,1
4045,量,2
4046,有天,1
4047,笑了笑说,1
4048,校长,1
4049,要记不清,1
4050,2021年1月21日,1
4051,扛不住,1
4052,药物,1
4053,维持,1
4054,苟活,1
4055,癌症,1
4056,笑起来,1
4057,很好看,1
4058,傻子,1
4059,生气,1
4060,我还记得,1
4061,炸鸡,1
4062,麻辣,1
4063,西瓜,1
4064,恐怖片,1
4065,傻丫头,1
4066,很遗憾,1
4067,明年,2
4068,提前,2
4069,订,1
4070,得走,1
4071,开始你好,1
4072,2019,2
4073,不准,1
4074,坏话,1
4075,自找,1
4076,逐渐,1
4077,女人,1
4078,大男孩,1
4079,罢,1
4080,陆大年,1
4081,很高兴,2
4082,大年,1
4083,无知,1
4084,风流子,1
4085,终结者,1
4086,喊,2
4087,死渣,1
4088,女,3
4089,备,1
4090,柯佳嬿,1
4091,很厉害,1
4092,磁带机,1
4093,羞涩,2
4094,韵,1
4095,角度,1
4096,唱述,1
4097,暗淡,2
4098,隐隐,1
4099,小莫,1
4100,王诠胜,2
4101,李子维,4
4102,打给,1
4103,黄雨萱,3
4104,面条,1
4105,烫,1
4106,认,1
4107,大哥哥,1
4108,最低,1
4109,气音,1
4110,提到,1
4111,风口浪尖,1
4112,跳,1
4113,这支,2
4114,舞,1
4115,唱完,1
4116,快点,1
4117,拜托,1
4118,完完全全,1
4119,开放,2
4120,听因为,1
4121,唱到,1
4122,一模一样,1
4123,变调,1
4124,原因,1
4125,弦,1
4126,低,2
4127,半个,1
4128,继续努力,1
4129,书上,1
4130,关心,1
4131,好不好,2
4132,紧紧,1
4133,止,2
4134,唇齿,1
4135,掩,1
4136,占,1
4137,八分,1
4138,自尊,1
4139,两分,1
4140,混,1
4141,风生水起,1
4142,择日,1
4143,复合单,1
4144,胖,2
4145,窈窕,1
4146,做好,1
4147,Lambert,1
4148,雨声音,1
4149,怪兽,3
4150,高塔公主,1
4151,塔,1
4152,高兴,1
4153,骑士,3
4154,打死,1
4155,国王,1
4156,婚礼,1
4157,时公主,1
4158,踮,1
4159,脚尖,1
4160,凑,1
4161,耳旁,1
4162,尾巴,1
4163,藏好,1
4164,十八遇你八十与你同样的你至死不渝,1
4165,想通,1
4166,只管,1
4167,剩下,1
4168,很安心,1
4169,有心者,1
4170,有所,1
4171,无心者,1
4172,无所谓,1
4173,不谈,1
4174,亏欠,1
4175,低沉,1
4176,沙哑,1
4177,穿透,1
4178,风霜,1
4179,归来,1
4180,细说,1
4181,青山明月过往春秋,1
4182,固执,1
4183,逃跑,1
4184,不懂事,1
4185,烦心事,1
4186,说完,1
4187,张若昀,2
4188,年产,1
4189,500斤,1
4190,车厘子,1
4191,只因,1
4192,唐艺昕,2
4193,原名,1
4194,唐婷,1
4195,艺昕艺,1
4196,草字头昕,1
4197,昀,1
4198,日,1
4199,旁,1
4200,爱尔兰,2
4201,离婚,1
4202,生日快乐,3
4203,听风可,1
4204,观海,1
4205,两个人,1
4206,长恨不话闲愁,1
4207,尽情,1
4208,不在,1
4209,不对,2
4210,稀君如常,1
4211,健康,1
4212,过生日,1
4213,越界,3
4214,淘宝,2
4215,跨出,1
4216,那一步,1
4217,明知,1
4218,不由自主,1
4219,头像,1
4220,两分钟前,1
4221,3个小时46分钟前,1
4222,石,1
4223,沉,1
4224,残局,1
4225,互不,1
4226,倾听,1
4227,原创,1
4228,第四期,2
4229,第五期,1
4230,阿妹,3
4231,连名,3
4232,姓,5
4233,vocal,1
4234,诟病,1
4235,炫技,1
4236,人口,1
4237,机器,1
4238,真意,1
4239,娓娓,1
4240,道,1
4241,加持,1
4242,情感,4
4243,坚实,1
4244,载体,1
4245,安利,1
4246,两首,1
4247,走心,1
4248,假装,1
4249,走进,1
4250,Jay,1
4251,削弱,1
4252,技巧,1
4253,摒弃,1
4254,前段,1
4255,很辛苦,1
4256,挫越勇,1
4257,收回,1
4258,李宇春,2
4259,05年,1
4260,票,2
4261,13年,1
4262,彻彻底底,1
4263,纯纯,1
4264,粹粹,1
4265,光芒万丈,1
4266,卓越,1
4267,西门少年神仙组合神仙帮唱少年,1
4268,心气,1
4269,脱胎换骨,1
4270,热血,1
4271,鼓舞,1
4272,人心,1
4273,江恩,1
4274,c9,1
4275,红色,1
4276,二年,1
4277,上网课,1
4278,摄像头,1
4279,借口,2
4280,推辞,1
4281,家里,1
4282,明亮,1
4283,客厅,1
4284,舒服,1
4285,沙发,1
4286,场子,2
4287,张口,1
4288,非得,1
4289,扭头,1
4290,叉腰,1
4291,万,1
4292,白,1
4293,月光,1
4294,换来,1
4295,一碗,1
4296,炒饭,1
4297,写下,2
4298,钦佩,1
4299,处处,1
4300,平凡,9
4301,自居,1
4302,真切,1
4303,基本,1
4304,外泄,1
4305,很少,1
4306,波动,1
4307,淡淡,2
4308,闷,2
4309,街角,2
4310,满怀,1
4311,心事,1
4312,宝石,1
4313,大雨,1
4314,潮湿,1
4315,地址,1
4316,涩,1
4317,痴,1
4318,恍若,1
4319,隔世,1
4320,小摊,2
4321,缺失,2
4322,回首,1
4323,相问两不知,1
4324,踏过,1
4325,一座座,1
4326,城池,1
4327,风和日丽,1
4328,往事,2
4329,节目,1
4330,实习,1
4331,时期,1
4332,生中,1
4333,生死,1
4334,近,1
4335,陌生,1
4336,203,1
4337,一角,2
4338,填,1
4339,纷纷,1
4340,扰扰,1
4341,肆意,1
4342,生长,1
4343,祈祷,1
4344,日丽,1
4345,刚刚开始,1
4346,毛毛刚,1
4347,上台,1
4348,噘嘴,1
4349,太可爱,2
4350,叭,3
4351,有一次,1
4352,夜班,1
4353,摊贩,4
4354,炒,2
4355,炒粉,1
4356,还有什么,1
4357,鸡爪,2
4358,逃离,2
4359,疯人院,2
4360,客观,1
4361,主观世界,1
4362,序章好想爱这个世界啊,1
4363,第二部,1
4364,几个月,1
4365,live,1
4366,MAMA,1
4367,1007,1
4368,音源,1
4369,第三部,1
4370,火星,2
4371,齐,1
4372,四专,2
4373,实体,1
4374,疯子们,1
4375,要买,1
4376,极点,1
4377,8首,1
4378,6首,1
4379,有点怪怪,1
4380,魅力,1
4381,鱼龙混杂,1
4382,疯子,3
4383,握,1
4384,仅剩,1
4385,理性,1
4386,溺入,1
4387,很可爱,1
4388,温和,1
4389,引领,1
4390,华先生,1
4391,定,1
4392,从来没想过,1
4393,所见,1
4394,不于,1
4395,反驳,1
4396,表里如,1
4397,爱你一人心碎,1
4398,索然无味,1
4399,感激,1
4400,伸出,1
4401,那只手,1
4402,握紧,1
4403,傅如乔,2
4404,微微,2
4405,象征性,1
4406,伟大,1
4407,渺小,2
4408,构成,1
4409,弱,1
4410,乔乔,1
4411,女团,1
4412,青,1
4413,吸引,1
4414,冰块,1
4415,脸中性,1
4416,霸气,1
4417,透明,2
4418,迷惑,1
4419,憨憨,1
4420,限于,1
4421,爽快,1
4422,模样,2
4423,众多,1
4424,形成,1
4425,精彩,1
4426,评级,1
4427,C欸,1
4428,20200223,1
4429,苏打绿,1
4430,热烈,1
4431,sodagreen释义n苏,1
4432,打绿,1
4433,慢性腐蚀心灵,1
4434,旋律性,1
4435,vt,1
4436,指,2
4437,变调摇滚,1
4438,受众,1
4439,习性,1
4440,adv,1
4441,绵密,1
4442,愉悦,1
4443,adj,1
4444,乍,1
4445,令人,1
4446,难以忍受,1
4447,无力,1
4448,抗拒,1
4449,Vocal吴青峰Guitar何景扬Guitar刘家凯Bass谢馨仪Keyboard,1
4450,龚钰祺,1
4451,Drums,1
4452,史俊威,1
4453,悬悬而望日短心长0202你好田馥甄你好悬日,1
4454,不远处,1
4455,飞鸿,2
4456,伤悲,1
4457,画笔,1
4458,底色,1
4459,不知,1
4460,一画,1
4461,胡乱,1
4462,着色,1
4463,小桥流水,1
4464,和谐,1
4465,辉映,1
4466,光彩,1
4467,几声,1
4468,乌鸦,1
4469,啼鸣,1
4470,披上,1
4471,一层,1
4472,惨淡,1
4473,落日,2
4474,占有,1
4475,私心,1
4476,悬日,2
4477,升起,3
4478,思量,2
4479,予我心付,1
4480,对峙,1
4481,hebe,1
4482,很多人,1
4483,童年,1
4484,长夜,1
4485,伴,1
4486,星辉,1
4487,风雨,1
4488,无畏,1
4489,泪,1
4490,雨后,1
4491,初晴,1
4492,彩虹,2
4493,善举,1
4494,不可,1
4495,大雨滂沱,1
4496,痛,1
4497,每一位,2
4498,湖北,1
4499,护士,1
4500,一线,1
4501,踏实,1
4502,曲,1
4503,配乐,1
4504,鼓励,2
4505,凝聚,1
4506,聚焦,1
4507,闪烁,1
4508,百态,1
4509,天使们,1
4510,黑夜,1
4511,打败,1
4512,力小不为,1
4513,点亮,1
4514,占领,1
4515,华语,2
4516,歌坛,1
4517,幸有,1
4518,病毒,2
4519,来势汹汹,1
4520,刚刚,1
4521,格外,1
4522,寒冷,1
4523,无情人,1
4524,有情,1
4525,一幕,1
4526,幕,1
4527,暖心,1
4528,连缀,1
4529,而成众志成,1
4530,城,1
4531,长卷,1
4532,融化,1
4533,冬寒,1
4534,便是,1
4535,笃定,1
4536,琴声,1
4537,早就,1
4538,奢求,1
4539,过得好,1
4540,李,1
4541,老男人,1
4542,撩,1
4543,不期而遇,1
4544,年华,1
4545,形同,1
4546,陌路缘来缘去缘如水情散情聚情何归惜哉痛哉,1
4547,祝我嵩哥,1
4548,遇良,1
4549,美美,1
4550,舍得,1
4551,这些人,1
4552,长大于是,1
4553,zsy我真的好想你不是我幻想中的你是本本真真的你,1
4554,一世纪,1
4555,原定,1
4556,12号,1
4557,定时,1
4558,这是我爱你的第30个月第826天第19824个小时爱心AY楊佬叁,1
4559,活到,1
4560,2117年7月12日,1
4561,刚好,1
4562,世纪,1
4563,DomT,1
4564,摘,1
4565,霜,1
4566,人才,1
4567,入为主,1
4568,改版,1
4569,磨合,1
4570,心血,2
4571,爱护,1
4572,版望,1
4573,日常,1
4574,几颗,1
4575,珍珠,1
4576,两种,1
4577,短暂,1
4578,不合时宜,1
4579,匠心,1
4580,哥哥们,1
4581,加班,1
4582,成品,1
4583,明目张胆,2
4584,表示,1
4585,无相见,1
4586,保重,1
4587,迪士尼,6
4588,月亮弯弯公主跑跑小徐烦恼,1
4589,捕风捉影,1
4590,之间,3
4591,遇見,1
4592,你們,1
4593,原來,1
4594,能看到,2
4595,打趣,1
4596,看见了,1
4597,公主欸,1
4598,守护,1
4599,童真,1
4600,喜爱,1
4601,周边,1
4602,满眼,1
4603,盯着,1
4604,恨死,1
4605,恶狠狠,1
4606,缝,1
4607,2017年,1
4608,全球,1
4609,大学生,1
4610,短诗,1
4611,入围,1
4612,奖,1
4613,一趟,1
4614,日复一日年复一年,1
4615,窗边,1
4616,眸光,1
4617,流转,1
4618,看成,1
4619,终点,1
4620,嗫嚅,1
4621,千百遍,1
4622,说不出,1
4623,敲碎,1
4624,践踏,1
4625,完美,1
4626,看到处,1
4627,容许,1
4628,邮寄,2
4629,心里话,1
4630,一封,1
4631,信费,1
4632,劲心思,1
4633,新疆,1
4634,疫情,2
4635,期间,1
4636,七夕,1
4637,垃圾桶,1
4638,4千公里,1
4639,垃圾堆,1
4640,翻来覆去,1
4641,一小时,1
4642,痰,1
4643,袋子,1
4644,太阳光,1
4645,下头,1
4646,一眼,1
4647,运单,1
4648,84天8号下午,1
4649,17,1
4650,2020年,1
4651,最美好,1
4652,call,1
4653,不敢,5
4654,靠近,2
4655,整整,2
4656,两天,1
4657,ok,1
4658,唱功,1
4659,有待,1
4660,提高,1
4661,亲亲,1
4662,感同身受,1
4663,不存在,1
4664,高鱼,1
4665,争气,1
4666,失魂落魄,1
4667,放纵,1
4668,透,1
4669,人生我想爱自由胜过爱你,1
4670,报答,1
4671,否定,1
4672,一无是处,1
4673,吵架,1
4674,摸摸,2
4675,肚脐,1
4676,相连,1
4677,人教,2
4678,伤害,2
4679,手捧,1
4680,鲜花,1
4681,鬼门关,1
4682,却说,1
4683,林克内森赛特哈克贝利芬罗恩,1
4684,马里奥达伦山,1
4685,冒险,1
4686,主角们,1
4687,社交,1
4688,网站,1
4689,充,1
4690,VIP,1
4691,寻找,2
4692,沈沈,1
4693,寻宝,2
4694,78天后,1
4695,无悔,1
4696,跨越,3
4697,一千英里,2
4698,想得到,1
4699,大半个,1
4700,怀抱,1
4701,AThousandMiles,1
4702,找我,1
4703,吃亏,1
4704,深沉,1
4705,竞技,1
4706,相比,1
4707,不太,1
4708,认可,2
4709,没事不停,1
4710,借来,1
4711,挽留,1
4712,无声,1
4713,悲悯,1
4714,坚强,1
4715,只能不能说,1
4716,泪痕,1
4717,坚定,1
4718,宏大,1
4719,风雨中,1
4720,安抚,1
4721,清晨,2
4722,唱功出彩,1
4723,眷顾,1
4724,颤颤,1
4725,巍巍,1
4726,单薄,1
4727,行走,1
4728,在路上,1
4729,某处,1
4730,少些,1
4731,阻碍,1
4732,一盏灯,1
4733,一寸,2
4734,暖阳,2
4735,驱散,1
4736,寒凉,1
4737,冬日,1
4738,融,1
4739,悲凉,1
4740,一双,1
4741,温热,1
4742,手掌,1
4743,凄然惶惶,1
4744,来日方长慰别天各一方借一曲婉转悠扬抚你疲惫奔忙纵阴霾阻障天悲人伤乌云终挡不住阳光四海八方热血满腔复乾坤朗朗天地归常,1
4745,一方,1
4746,乐土,1
4747,许,1
4748,魂魄,1
4749,安详,1
4750,无灾,1
4751,无病余生,1
4752,安康,1
4753,扛,1
4754,曲子,1
4755,真心,2
4756,寒鸦,1
4757,绝不,1
4758,摸光,1
4759,修完,1
4760,音箱,1
4761,顺便,1
4762,麦架,1
4763,寒鸦少年王者归来大哥生日快乐鼠年好合而立之年要,1
4764,伴用,1
4765,音符,1
4766,赶走,1
4767,三十岁,1
4768,心心,1
4769,清澈,1
4770,没多久,1
4771,冷冷,1
4772,寂静,1
4773,神秘,1
4774,加上,1
4775,怒音,1
4776,太舒服,1
4777,白桦树,1
4778,盏灯,1
4779,诉说,1
4780,昏黄索菲亚,1
4781,钟声,2
4782,百年前,1
4783,回荡,1
4784,拜占庭,1
4785,咏叹,1
4786,华丽,1
4787,乐章,1
4788,看电影,1
4789,主角,1
4790,一字,1
4791,一句丝丝,1
4792,扣,1
4793,动人心弦,1
4794,潸然泪下,1
4795,切诚可待,1
4796,盛放,1
4797,红梅花,1
4798,徐峥,1
4799,这部,1
4800,电影,1
4801,看懂,1
4802,共鸣,1
4803,自觉,1
4804,闭上眼睛,1
4805,幻境,1
4806,眼前,1
4807,为真,1
4808,小时候,1
4809,晒太阳,1
4810,一坐,1
4811,半天,1
4812,明白目,1
4813,所及,1
4814,皆,3
4815,回忆心,1
4816,所想,1
4817,过往眼,1
4818,听天由命,1
4819,许悦,1
4820,吴晗,1
4821,陈家峻,1
4822,刘宇婷,1
4823,疑义,1
4824,网易云音乐,1
4825,核实,1
4826,公司,1
4827,行为,1
4828,权利,1
4829,义务,1
4830,公开,2
4831,商业,1
4832,易云音乐,1
4833,账号,1
4834,平台,1
4835,造谣,1
4836,谩骂,1
4837,误会,1
4838,劳烦,1
4839,私信,1
4840,问候,1
4841,王心凌,1
4842,大眠,1
4843,第一眼,1
4844,给我逝去的朋友的我希望他快乐就这样,1
4845,数,2
4846,笨,1
4847,看不起,1
4848,攀爬,1
4849,追逐,1
4850,出事,1
4851,一次次,1
4852,夜里,1
4853,国庆节,1
4854,长沙,1
4855,外地,1
4856,建议,2
4857,小辈,1
4858,细别,1
4859,尊称,1
4860,乡里,1
4861,就说,1
4862,堂客,1
4863,见人,1
4864,宝里,1
4865,宝气,1
4866,打成,1
4867,屡试不爽,1
4868,朋友们,1
4869,老和,1
4870,卡,1
4871,败笔,1
4872,新秀,1
4873,孔子,1
4874,周日,1
4875,复试,1
4876,录取,1
4877,手指,2
4878,划过,1
4879,尺子,1
4880,刻度,1
4881,触摸,2
4882,抚,1
4883,地球仪,1
4884,睡吧,1
4885,胡说八道,1
4886,CF,1
4887,AK,1
4888,爆头,1
4889,特色,1
4890,气,1
4891,退出,1
4892,刀锋,1
4893,寨,1
4894,bgm,1
4895,严重性,1
4896,洛天依,1
4897,假唱,1
4898,这个梗我,1
4899,詹姆斯,1
4900,韩国,1
4901,长城,1
4902,建,2
4903,秦始皇,1
4904,朕,1
4905,射,1
4906,脱下,1
4907,校服,1
4908,下水道,1
4909,老鼠,1
4910,领导,2
4911,趴,1
4912,地铁站,1
4913,打车,1
4914,风一吹,1
4915,劲,1
4916,凌晨四点,1
4917,零条,2
4918,短信,1
4919,来电,1
4920,棵,1
4921,支撑,1
4922,五个小时,1
4923,弹吉他,1
4924,绝路,1
4925,头破血流,1
4926,迷途羔羊,1
4927,指引,1
4928,交往,1
4929,三次,1
4930,王思琦,1
4931,抛开,1
4932,上来,1
4933,京剧,1
4934,接上,1
4935,整蒙,1
4936,再一次,1
4937,介绍,1
4938,谢娜,2
4939,女已婚有一对双胞胎女儿生活幸福工作顺利婚前爱吃零食爱熬夜爱吃辣爱忘事爱我婚后爱喝鸡汤爱早睡也爱吃辣更爱忘事更爱我妻子,1
4940,信,1
4941,照顾,1
4942,总听,1
4943,姜云升,1
4944,带走,1
4945,好帅,1
4946,从没,1
4947,梦想家,1
4948,刻板,1
4949,框框,1
4950,崩塌,1
4951,主页,1
4952,remix了我最最最爱的偶像,1
4953,罗老师,1
4954,这首诗人,1
4955,500,1
4956,po8,1
4957,牛逼,1
4958,宋凌霄,2
4959,熬过,2
4960,异地恋,2
4961,常雨婷,2
4962,塑料,1
4963,一个个,1
4964,有意思,1
4965,不可思议,1
4966,十三亿分之一,1
4967,yeah,1
4968,国内,1
4969,添加,1
4970,点赞,1
4971,后期,1
4972,经营,1
4973,修养,1
4974,提升,2
4975,然,1
4976,缘分,1
4977,告终,1
4978,异性缘,1
4979,低迷,1
4980,年月,1
4981,尽量,1
4982,硬,1
4983,软实力,1
4984,扭,1
4985,瓜,1
4986,千万,1
4987,破坏,1
4988,家庭,2
4989,善事,1
4990,祝愿,1
4991,情人,1
4992,终成,1
4993,眷属,1
4994,收费,1
4995,乘风破浪,1
4996,纪录片,1
4997,酸涩,1
4998,发表,1
4999,寂寞,1
5000,偷看,1
5001,0843分,1
5002,查出,1
5003,中午,1
5004,西红炒鸡蛋,1
5005,早在,1
5006,下厨,2
5007,西红柿,1
5008,菜,1
5009,事后,1
5010,西红女儿,1
5011,用力,1
5012,睁开,1
5013,早安,1
5014,说爱,1
5015,交汇,1
5016,丧吧老子,1
5017,旋风,1
5018,小学生,1
5019,高中生,1
5020,陈翔,1
5021,方廷皓,1
5022,夜长梦多,1
5023,放松,1
5024,潇洒,1
5025,清初见,1
5026,失眠,1
5027,数不清,1
5028,委屈,1
5029,善待,1
5030,包容,1
5031,纠缠,1
5032,碾碎,1
5033,尊严,1
5034,始终如一,1
5035,欺骗,1
5036,天宇,1
5037,不等你,1
5038,为难,1
5039,大部分,1
5040,坟墓,1
5041,别再见,1
5042,王小波,1
5043,荒岛,1
5044,迎接,1
5045,黎明太阳,1
5046,升,1
5047,十万支,3
5048,金喇叭,2
5049,齐鸣,2
5050,空气,1
5051,喑,1
5052,蓝色,1
5053,飞过,1
5054,尚未,1
5055,褪去,1
5056,燃烧,1
5057,蜡烛,1
5058,又一次,1
